country_code,country_name,region,income_group,group,developed,population,log_y0_pre_crisis,log_y0_recuperation,log_y0_stability,log_y0_recent,log_y0_full,growth_pre_crisis,growth_recuperation,growth_stability,growth_recent,growth_full,gdp_pc_2004,gdp_pc_2005,gdp_pc_2006,gdp_pc_2007,gdp_pc_2008,gdp_pc_2009,gdp_pc_2010,gdp_pc_2011,gdp_pc_2012,gdp_pc_2013,gdp_pc_2014,gdp_pc_2015,gdp_pc_2016,gdp_pc_2017,gdp_pc_2018,gdp_pc_2019,gdp_pc_2020,gdp_pc_2021,gdp_pc_2022,gdp_pc_2023,gdp_pc_2024
AFG,Afghanistan,"Middle East, North Africa, Afghanistan & Pakistan",Low income,Emerging,0,42647492,5.824929546003668,6.034637254889591,6.364068653933694,6.315584290000878,5.824929546003668,5.242692722148093,6.588627980882054,-0.9696872786563207,-6.505363172791641,0.5016647681485592,338.637273888197,363.640141436773,367.75831169358,410.757728879097,417.647282647498,488.830652491949,542.871030476037,525.42698276582,568.929021458341,580.603833333096,575.146245808546,565.569730408751,563.872336723147,562.769574140988,553.125151688293,557.861533207459,527.834554499306,408.625855217403,377.665627080705,378.06630312259,374.37669620849
ALB,Albania,Europe & Central Asia,Upper middle income,Emerging,0,2377128,7.850609121509021,8.115515387692694,8.267679934508259,8.495729230969024,7.850609121509021,6.622656654591834,3.043290936311291,4.560985929215319,4.856235417353716,4.682471172506133,2567.29763687121,2712.86983830331,2894.36032580174,3105.8796756386,3345.98161761476,3459.24695646692,3579.82413181046,3677.89457937717,3771.84781862015,3895.89975621942,4045.11934884933,4199.53912925398,4431.55635814168,4648.23078660658,4893.82375538717,5072.43648354739,4980.61699524696,5511.75743402862,5867.65096230557,6204.43525612114,6549.23387415397
DZA,Algeria,"Middle East, North Africa, Afghanistan & Pakistan",Upper middle income,Emerging,0,46814308,8.31048435923574,8.381961011598607,8.421394469109343,8.458929044050583,8.31048435923574,1.7869163090716862,0.7886691502147084,0.7506914988247897,0.17127918742209636,0.793607180300841,4066.28204806495,4223.60252133943,4279.61547120827,4339.25055772831,4367.56538017541,4336.10054052949,4456.6102741643,4501.3543013352,4518.43978956464,4543.23444006767,4634.10149179952,4685.05902729002,4768.73140081027,4742.90075532529,4717.0035885361,4672.66408678635,4363.68533767783,4456.74687637774,4544.46688060372,4660.40545687895,4765.72900168387
AGO,Angola,Sub-Saharan Africa ,Lower middle income,Emerging,0,37885849,7.856832265136817,8.177289737932542,8.22048307178325,8.08544937424001,7.856832265136817,8.011436819893127,0.8638666770141503,-2.7006739508648074,-2.476282880051051,0.4002006815006457,2583.32411461508,2843.39663579921,3065.05576244155,3336.36332465491,3559.19522512538,3494.80724466468,3540.79159568681,3528.16824373698,3682.35229323075,3716.29718727597,3746.81619978931,3641.72893920253,3505.59634681792,3378.07588102598,3246.87857140997,3105.59971242672,2847.24241578243,2788.16737086685,2798.01717317688,2748.95196954248,2798.59392792708
ARG,Argentina,Latin America & Caribbean ,Upper middle income,Emerging,0,45696159,9.240136673356535,9.487771863276931,9.54295482571449,9.477181411867754,9.240136673356535,6.19087974800989,1.10365924875119,-1.3154682769347268,-0.3664471179483109,1.0752895571716001,10302.4465316428,11099.7509190602,11870.2791559298,12811.9021206578,13197.3570267029,12285.3784651865,13387.1553748458,14040.6189124444,13754.4254235596,13946.0950832252,13456.1319159151,13679.6264980954,13265.8860639123,13520.1129846159,13058.3285449954,12706.3978108968,11393.0505957877,12549.2811699342,13276.8232110189,12993.0928872416,12774.3506596628
ARM,Armenia,Europe & Central Asia,Upper middle income,Emerging,0,3033500,7.57825934040802,8.052402172085555,8.09141276658874,8.30098402411806,7.57825934040802,11.853570791938372,0.7802118900636895,4.191425150586414,4.819115678610315,5.059358122133295,1955.22262459229,2240.09273209788,2551.43546358452,2919.3734936373,3141.33193500774,2716.97436280471,2796.08143428043,2943.83687119315,3159.75860786889,3266.29882999873,3393.09252326884,3512.39350276709,3533.88503607007,3815.3747426037,4027.83393010979,4343.45839583019,4032.09043454955,4264.79961505187,4791.00481712183,5197.23509013575,5378.31799981682
AUS,Australia,East Asia & Pacific,High income,Developed,1,27194286,10.820150024274179,10.887386003649693,10.932502339233968,10.981432847810053,10.820150024274179,1.6808994843878575,0.902326711685504,0.9786101715216888,0.7523023673247811,1.0321048278768044,50018.5904483861,50972.640519744,51682.8925230537,52671.325846724,53497.275355342,53430.5274781651,53768.349733441,54296.2321324814,55465.4462872577,55966.1509270561,56571.8062524437,56970.3613028094,57632.9995925594,57991.771347333,58772.7063152213,59181.2997904131,58377.7670517802,59465.535671364,61200.4588964781,61869.082498576,61486.38147544
AUT,Austria,Europe & Central Asia,High income,Developed,1,9177982,10.604933471077446,10.69339531968793,10.688561184309245,10.735343554098822,10.604933471077446,2.2115462152621075,-0.09668270757370186,0.9356473957915605,0.0026268663800413455,0.6528384750208972,40333.3307183894,40989.0131778975,42120.1557002022,43568.8302243941,44063.8642019916,42372.4758254763,43035.4073531933,44146.1956805294,44221.4599530893,43851.3675497404,43838.8345892137,43915.228020857,44362.6702805116,45056.6385912412,45951.5819164034,46550.5622459492,43428.6983137234,45368.6434337368,47332.4240357971,46497.9114640341,45958.8250071261
AZE,Azerbaijan,Europe & Central Asia,Upper middle income,Emerging,0,10202830,7.655131796672319,8.471803390201368,8.598956681903728,8.568253041203139,7.655131796672319,20.416789838226226,2.5430658340471672,-0.6140728140117669,1.8397350756616069,5.117526745352576,2111.4533834475,2674.3688564996,3556.83212858133,4412.20326117932,4778.12452736673,5118.43395494687,5300.11048729062,5149.20665913206,5193.17501119552,5425.99559780578,5508.60265612676,5500.50364628486,5272.71817141861,5229.25259993413,5261.92938234432,5346.95318604114,5087.50022783627,5349.58226071425,5599.58524971025,5668.61021317029,5876.03295533913
BHR,Bahrain,"Middle East, North Africa, Afghanistan & Pakistan",High income,Developed,1,1588670,10.072728602374184,10.04876533310278,10.097063370284674,10.088297006286167,10.072728602374184,-0.5990817317851103,0.9659607436378848,-0.17532727997012407,1.2194966606845632,0.443691017765287,23688.1121059225,23439.6704353038,23095.0181330228,23112.4888058398,23127.2148040048,22206.9371985225,22224.0736166249,23288.0449398313,23894.8804447088,24271.6278814506,24135.4991304849,23734.0551143019,23715.2791328712,23606.8867501313,24059.7838641562,24873.6640060134,23586.9309581516,24086.7847803428,25234.40256182,25342.6226641572,25886.2393152311
BGD,Bangladesh,South Asia,Lower middle income,Emerging,0,173562364,6.5548679488008865,6.764413819035702,7.005931311098014,7.2877319680106325,6.5548679488008865,5.238646755870376,4.830349841246268,5.636013138252364,4.72283688485005,5.0811711615037485,702.656357081873,739.203718353409,779.419570444998,825.508229964537,866.45815762135,901.729626251937,943.66422864236,995.579947155662,1050.39140404066,1103.15695907123,1159.40753475981,1224.38647668165,1299.83091360792,1373.75363740186,1462.25050255713,1564.20802445636,1604.6659234742,1702.08028414189,1804.3493461776,1885.37733613545,1941.27874360025
BLR,Belarus,Europe & Central Asia,Upper middle income,Emerging,0,9132629,8.166331184268982,8.55210566583693,8.718570835638193,8.72679153118074,8.166331184268982,9.644362039198706,3.3293033960252645,0.16441391085094287,1.6665602297775408,3.302269803492056,3520.40452642524,3877.71738911289,4291.68647163264,4682.20676719042,5177.64534775676,5200.77418555423,5616.0941173307,5941.68999156239,6052.6373706236,6115.43288098707,6212.91667418659,5967.05595058777,5811.20159182547,5964.89668834561,6165.91320019277,6267.73508743505,6251.98898968645,6457.73053706343,6206.61909685419,6497.78450683592,6814.34443423546
BEL,Belgium,Europe & Central Asia,High income,Developed,1,11858610,10.544728021573649,10.60611236562133,10.596832208325084,10.650373645440041,10.544728021573649,1.5346086011920403,-0.18560314592491528,1.0708287422991458,1.074696371895944,0.8506370309007497,37976.6972967442,38645.2605193362,39371.0858277448,40520.0843207009,40380.9075004042,39293.637546825,39991.5646206286,40236.9596308558,40074.492800399,40007.8997891411,40533.9135027898,40893.804537772,41172.8862831209,41619.328629169,42208.3625650272,43006.4042308863,40769.0218072962,43140.9676652971,44516.002160801,44828.2274521244,45019.6989654607
BEN,Benin,Sub-Saharan Africa ,Lower middle income,Emerging,0,14462724,6.810830671020009,6.849281933084277,6.889997749463516,6.9768190347547705,6.810830671020009,0.9612815516067192,0.8143163275847847,1.7364257058250723,3.5364168626471852,1.8908668774679647,907.624431209378,893.91536869992,900.62053578735,926.740113754071,943.203380303862,936.565651071554,928.246655329144,927.716412836707,943.918771531001,982.399206290516,1014.4330062135,1002.41886879614,1006.03926633023,1032.90471194182,1071.50452156932,1114.17304526443,1126.65404122154,1176.37727637273,1218.49668929091,1263.62158336368,1324.78312597434
BOL,Bolivia,Latin America & Caribbean ,Lower middle income,Emerging,0,12413315,7.649688247863464,7.776220517941462,7.935055785008936,8.072322806138477,7.649688247863464,3.163306751949941,3.176705341349483,2.7453404225908242,-0.8477458784906932,1.8588490278278578,2099.9908107392,2156.18670353603,2221.42722588941,2283.42733535297,2383.25032547517,2422.57579380245,2481.4070083834,2568.52051674406,2657.2388497837,2793.51457124054,2900.90241571477,2996.01289811344,3077.57057582774,3160.16421247588,3204.53670838005,3207.38695231128,2765.09271788602,3011.55110825301,3088.24126173436,3122.77049466223,3045.61476620329
BIH,Bosnia and Herzegovina,Europe & Central Asia,Upper middle income,Emerging,0,3164253,8.027422820047768,8.27614861279719,8.367934600951074,8.586766269783533,8.027422820047768,6.218144818735509,1.8357197630776902,4.376633376649199,3.8346683898945884,3.9471177656472007,3063.83543448936,3217.81341615345,3419.75887457192,3665.08966529499,3929.03297717336,3877.53540078456,3981.20985692032,4094.25329541877,4139.91732773657,4306.73175072214,4412.67617817734,4662.25869219448,4876.53471495633,5099.81602856447,5360.25201017633,5583.29721276458,5490.75366635139,5995.54197590494,6327.16206849174,6493.32400514463,6746.95366547249
BWA,Botswana,Sub-Saharan Africa ,Upper middle income,Emerging,0,2521139,8.58847613664489,8.725607403645729,8.745917426510948,8.83110515087232,8.58847613664489,3.4282816750209966,0.40620045730440124,1.7037544872274322,0.26215882937897744,1.2917927199508514,5369.42516766112,5514.21742664705,5865.00026521361,6085.6354476126,6158.61629368051,5179.4138607146,5584.5034321846,5850.07858575461,5742.91924452636,6284.97678002618,6547.12254115892,6141.20394726616,6490.83463593483,6662.57644805467,6843.84612027739,6951.73189051146,6254.24806241091,6895.91184943107,7159.5860618268,7269.05170664457,6952.34770386661
BRA,Brazil,Latin America & Caribbean ,Upper middle income,Emerging,0,211998573,8.889967304713018,9.027710519473555,9.144920323671,9.07364240569415,8.889967304713018,3.4435803690133873,2.3441960839489178,-1.4255583595370074,1.5400985839862784,1.3804050801015388,7258.78185165912,7409.56913232718,7622.04007133264,8003.25413096047,8330.76459841304,8246.09706995094,8792.63436120342,9067.99316348047,9167.49923929815,9366.73932434359,9338.34278278114,8936.19661712113,8577.84376650911,8628.25308908043,8722.33630317935,8771.44051292177,8435.01143254978,8799.22945810901,9032.08481566299,9288.02701470069,9566.74518687619
BGR,Bulgaria,Europe & Central Asia,High income,Developed,1,6441421,8.486758555144245,8.77416638254398,8.82366009926138,9.011254227063816,8.486758555144245,7.185195684993332,0.9898743343480234,3.7518825560486944,3.5291196721320053,3.681214261237448,4850.11917184577,5231.60538607098,5630.08907245392,6049.05136726418,6465.05231071194,6289.04666609216,6429.04599233108,6605.64616736859,6693.76983060797,6793.08253592745,6941.37319825776,7269.02586513711,7586.89174668116,7899.11056589871,8194.79296320014,8626.5750265742,8440.51416964556,9161.94541759347,9598.35828571579,9787.76510584614,10127.4152566236
BFA,Burkina Faso,Sub-Saharan Africa ,Low income,Emerging,0,23548781,6.161389609580599,6.279405273490241,6.42444969963834,6.543181813870662,6.161389609580599,2.9503915977410533,2.9008885229619956,2.374642284646428,1.5915686354112584,2.386431612073694,474.086412333459,499.192797571217,514.113131757062,519.26101218434,533.471299938288,533.470084831931,561.847221302489,581.603658737407,600.731343697818,616.741331164082,624.576885187665,630.124750752312,648.420480176012,669.276310328333,694.492813126351,717.021595096634,713.8421779224,745.472563435144,740.306319930259,745.405334618409,764.082625588818
BDI,Burundi,Sub-Saharan Africa ,Low income,Emerging,0,14047786,5.553153399918638,5.54522612124208,5.558028565529743,5.589152059911642,5.553153399918638,-0.19818196691395812,0.2560488857532789,0.622469887637969,0.07411077644009954,0.2022265328970502,258.050009115333,250.878933475935,255.105582251925,254.311725516331,256.012461554496,252.582019875886,253.308577749924,254.242110648215,256.180393931874,259.311117203355,261.296721752002,254.402585226788,258.061970804063,261.725839287239,267.508692172687,270.411005710809,263.463876362597,264.682651658422,263.587550049119,264.84330794512,268.700857389911
KHM,Cambodia,East Asia & Pacific,Lower middle income,Emerging,0,17638801,6.6539555149941485,6.994460137222709,7.227150803535258,7.541303053228362,6.6539555149941485,8.512615555714,4.653813326250982,6.283044993862093,2.4567890606536396,5.1737744093671605,775.847139030978,866.340290123209,947.065220050691,1030.23117620792,1090.57475806147,1117.25834194514,1155.85236856699,1221.38839852454,1295.25271477893,1376.29557595926,1464.53115866927,1547.32010444393,1645.46671578126,1753.93530504662,1884.28374817086,2008.32094006706,1908.63427518336,1938.76436741728,2011.27433313262,2085.05748462122,2183.55682401667
CMR,Cameroon,Sub-Saharan Africa ,Lower middle income,Emerging,0,29123744,7.1481438907788375,7.1662830494786025,7.205793340346184,7.286889895570244,7.1481438907788375,0.4534789674941305,0.7902058173516274,1.6219311044811981,0.22335418043672436,0.760736278088051,1271.74326874167,1264.74345218659,1277.32990712342,1295.73067471287,1295.02211276052,1290.89961351149,1290.9013745759,1297.3064962694,1319.66961634054,1347.2130636706,1381.81938454907,1415.00009710569,1435.61830727839,1444.90682916573,1461.01969999317,1470.31785276187,1434.51913723409,1443.57600237663,1458.66180431693,1468.17837007337,1480.73097431993
CAN,Canada,North America,High income,Developed,1,41262329,10.599351016313625,10.647033388135789,10.665489245389708,10.712357621426529,10.599351016313625,1.1920592955541227,0.3691171450783749,0.9373675207364143,0.057056020912577686,0.5821498318382956,40108.7990262916,41006.264144024,41663.5541588166,42106.9147186165,42067.610977795,40376.4559330928,41164.3812486578,42043.6842044008,42320.6856530018,42851.2135876232,43643.2794910996,43594.2379080706,43551.3863558236,44339.4332217878,44907.3887994469,45100.336805859,42366.1710935265,44639.2381171993,45883.0058941892,45495.5100892605,45061.3864587285
CAF,Central African Republic,Sub-Saharan Africa ,Low income,Emerging,0,5330690,6.07264175200434,6.10994426643731,5.857422085878639,5.978936435657613,6.07264175200434,0.9325628608242549,-5.050443611173413,2.430286995579485,-0.21579822922577732,-0.5332660505013649,433.825227770233,427.968043155237,439.294330902768,450.762785401893,450.313616886022,492.215398914836,519.141456408484,532.38295493852,553.729578314912,349.821171688973,351.561554911625,366.322853938121,376.858254120398,387.35795131742,395.020015455909,401.82582161435,398.834274122139,396.020622931961,398.91539795642,397.467795750451,389.938307964229
TCD,Chad,Sub-Saharan Africa ,Low income,Emerging,0,20299123,6.739949612420639,6.8201116381207445,6.916335477860363,6.801099251183,6.739949612420639,2.0040506425026217,1.9244767947923815,-2.304724533547263,-0.8138271778860631,0.06160004044598476,845.518131165737,952.871910087319,914.21066458867,920.35281567764,916.08727463451,871.485311278207,956.953018707396,965.286963559567,1016.42152061942,1008.61711428961,993.321157706456,993.990730610869,923.565872051196,879.075895464417,898.834794005046,917.203710060136,884.980541934939,857.52763057976,862.602128172536,856.985507283698,855.999353179333
CHL,Chile,Latin America & Caribbean ,High income,Developed,1,19764771,9.173922704414691,9.337509637549179,9.48666314331262,9.529739611195893,9.173922704414691,4.089673328362162,2.983070115268862,0.8615293576654469,1.003267186949867,2.0800646899909703,9642.37478651228,10104.4208391373,10611.6144012877,11051.3450717678,11356.0922105983,11116.4093443103,11649.2897090856,12252.8441074615,12882.834417927,13182.7329619856,13285.9540361192,13433.9202987032,13505.097711133,13473.3458532934,13763.0068844795,13631.9284885172,12680.7761524378,14056.251601955,14275.4094646211,14294.7106635595,14616.9287938028
CHN,China,East Asia & Pacific,Upper middle income,Emerging,0,1408975000,8.048121751202745,8.478731921413216,8.881549780556604,9.18999264451763,8.048121751202745,10.765254255261787,8.056357182867758,6.168857279220532,4.863873302216254,7.168516457239306,3127.91444892337,3465.72767067642,3883.27464370816,4409.69709445986,4811.34486346262,5237.78809982377,5764.65012366375,6275.71634288814,6723.09003744607,7197.937319496,7686.37369520403,8175.33285077393,8679.22528805041,9221.35045639842,9798.57890566402,10356.2924890582,10573.3794064211,11469.3174514512,11830.298767861,12483.9791101249,13119.1076099516
COL,Colombia,Latin America & Caribbean ,Upper middle income,Emerging,0,52886363,8.369137611599138,8.526860684740482,8.684537467094968,8.75676842867108,8.369137611599138,3.94307682853361,3.1535356470897122,1.4446192315222495,1.2911409782682022,2.3254963788401737,4311.91591255233,4457.27537460443,4694.03442939175,4947.25260813108,5048.57187245249,5046.97121757727,5214.24547620131,5517.1011086899,5675.75617978305,5910.80592301166,6121.83982019825,6248.51490534512,6316.07067782542,6309.67745292518,6353.5464285392,6439.96359812647,5891.95523215403,6457.16921807086,6856.72590505374,6837.37392084534,6865.31283944628
COD,"Congo, Dem. Rep.",Sub-Saharan Africa ,Low income,Emerging,0,109276265,5.833976839035763,5.9754381016955405,6.1410190710467045,6.205188080464555,5.833976839035763,3.536531566494414,3.311619387023294,1.2833801883569946,1.86981460172018,2.4170005876600085,341.714925752766,351.708486411683,358.454382275579,377.62283005586,393.640517898615,383.726254541217,403.722373878525,389.119308449762,408.966232816288,464.526715460494,481.830241883776,495.826633014883,480.461377880475,482.854682128541,495.312105711027,482.524295129472,470.852950000929,485.160805929784,513.512704372167,539.45912637913,554.117609962628
COG,"Congo, Rep.",Sub-Saharan Africa ,Lower middle income,Emerging,0,6332961,7.6299193817256485,7.631217431546138,7.779323732351909,7.5548355041327,7.6299193817256485,0.03245124551223987,2.962126016115417,-4.489764564384183,-2.220387325239255,-1.0415355855365207,2058.88402946896,2140.03686200251,2226.0233547376,2004.10103961966,2061.55829880574,2211.31572382028,2332.28508055953,2307.49384399715,2467.06102906839,2390.65754938662,2488.68118548992,2439.35189403696,2174.19310251224,2003.27121075187,1909.9560382117,1885.51080877731,1725.51040049963,1701.79060456872,1686.00234391385,1677.08549205924,1671.7266018229
CRI,Costa Rica,Latin America & Caribbean ,High income,Developed,1,5129910,9.041392488708512,9.220776647630187,9.319297354028341,9.450050282876473,9.041392488708512,4.484603973041892,1.9704141279630902,2.615058576962647,2.8212775958866185,2.8896722496057987,8445.52917577429,8655.33967667373,9160.29437313379,9779.51150221827,10104.9092352005,9883.67568633785,10285.0856777667,10612.4694960426,11001.5193084396,11151.1437937744,11422.6735972442,11714.7106121672,12084.4351419988,12468.5654849336,12708.8042828359,12944.013449341,12322.2359458534,13267.2549508035,13931.8461614764,14531.5005137466,15052.9149924743
CIV,Cote d'Ivoire,Sub-Saharan Africa ,Lower middle income,Emerging,0,31934230,7.280604540554495,7.282505007965388,7.397761961436249,7.607541907538331,7.280604540554495,0.047511685272330295,2.3051390694172027,4.195598922041647,2.897863197277878,2.504045794102543,1451.86547141894,1431.73320203111,1437.77453798586,1420.1738958245,1454.62731800082,1473.9183699329,1540.52927270246,1426.46463864534,1503.43433046682,1632.32712787006,1742.53693001178,1814.71855088017,1889.27777949938,1972.81431788947,2013.32307598499,2093.09994335779,2055.08483996432,2146.46047529012,2227.08197820584,2315.36434710324,2395.65916961845
HRV,Croatia,Europe & Central Asia,High income,Developed,1,3866200,9.311011376440927,9.47043393506152,9.379108447129262,9.551164535233514,9.311011376440927,3.9855639655148316,-1.8265097586451673,3.441121762085067,3.98060983976622,2.3949487458928074,11059.1274155158,11522.944604729,12104.2947219361,12718.2002498979,12970.5143712302,12099.7045228367,11965.1414956676,11993.1337166457,11780.5853491253,11838.4554388595,11862.7815706266,12283.8750299177,12848.473748279,13485.3711360576,14061.0597402919,14641.8735578488,13545.7402289427,15395.2861605128,16618.3333786183,17225.4504515697,17854.3262648378
CUB,Cuba,Latin America & Caribbean ,Upper middle income,Emerging,0,10979783,8.448954611389995,8.774789967677503,8.896700292688333,9.002138539575917,8.448954611389995,8.145883907187665,2.438206500216632,2.108764937751664,-1.590337403072188,2.2888184200079507,4670.18802138025,5182.35283601732,5799.41163668615,6215.76603727772,6469.08507847668,6561.25305093006,6716.49048497058,6902.16397571139,7109.24834185635,7307.82004410741,7392.48324633027,7727.91997207998,7774.0698462623,7927.27769431767,8120.43123558256,8124.75282059108,7252.28811179844,7379.04275283674,7552.33152218842,7433.42885399674,7381.39774048869
CYP,Cyprus,Europe & Central Asia,High income,Developed,1,1358282,10.118584283608284,10.22009277223239,10.03063588477268,10.202198306568011,10.118584283608284,2.5377122156026464,-3.7891377491942038,3.4312484359066056,3.2448361334783726,1.3915209548421414,24799.63671875,25631.35546875,26395.490234375,27156.806640625,27449.212890625,26183.673828125,26090.037109375,25538.76953125,24285.484375,22711.708984375,22373.56640625,23088.4296875,24477.974609375,25665.990234375,26962.392578125,28167.146484375,26895.671875,29517.05859375,31505.2109375,32022.01953125,32757.541015625
CZE,Czechia,Europe & Central Asia,High income,Developed,1,10905028,9.56518798732511,9.7521207377691,9.72673729898426,9.890231555051948,9.56518798732511,4.673318761099727,-0.5076687756968136,3.2698851213537603,0.5910543383767949,1.8025341401472208,14259.63342798,15147.7214417611,16107.3042502688,16892.542854974,17190.6470333289,16272.8084766719,16665.9317825137,16926.2846674435,16772.3539223328,16759.7808635642,17118.0425571578,17931.5987670768,18359.0978103904,19257.6930680911,19736.6295261285,20360.0599221814,19233.1469549829,20373.8783043424,20627.348651011,20272.5874017334,20449.1135911311
DNK,Denmark,Europe & Central Asia,High income,Developed,1,5976992,10.83872377073826,10.888791802611369,10.858429430246288,10.939427547508824,10.83872377073826,1.2517007968276945,-0.6072474473016263,1.6199623452507452,1.2578513192350158,0.8808742796233231,50956.3045398814,52015.1841169021,53823.1590295482,54113.9771471341,53572.5346568185,50635.9118061988,51209.4492757775,51667.5313210425,51470.689845427,51970.3909324806,52368.3625969272,53094.0133607574,54300.2039621991,55601.0145717787,56355.0733084714,57114.6227336347,55934.5555945523,59312.8158043771,59108.7449374068,59026.9843650999,60772.8624276041
DOM,Dominican Republic,Latin America & Caribbean ,Upper middle income,Emerging,0,11427557,8.345695352172381,8.577144956264481,8.711942864856029,8.964274338056054,8.345695352172381,5.7862401023025045,2.69595817183095,5.04662946400047,2.6541606725540228,3.889143131184562,4212.01044121773,4549.24957008857,4904.71715839398,5204.78500652254,5308.92664966814,5294.64953374426,5666.45633430206,5773.57403459156,5860.29893321013,6075.03399972737,6430.27811051339,6800.95309395474,7177.75376475488,7379.39978067137,7818.70593240469,8117.04639185786,7395.8734262396,8344.90510312395,8698.13592094395,8809.96335385949,9168.45418897141
ECU,Ecuador,Latin America & Caribbean ,Upper middle income,Emerging,0,18135478,8.396208401073688,8.505100802337594,8.681575078092347,8.709975776667743,8.396208401073688,2.722310031597642,3.529485515095081,0.5680139715079167,-0.1917290382884065,1.511318166483755,4430.23717984188,4589.32849203452,4706.98056823816,4715.30359842555,4939.90215021789,4909.33681705683,5022.20374387205,5359.45724615639,5579.85624282158,5893.32172683036,6055.04172761485,5976.1596805651,5849.13587933672,6104.27253521751,6063.0956178776,5971.38938386723,5355.68934196443,5815.09477390949,6107.49495006543,6165.40977555695,5993.74697758454
EGY,"Egypt, Arab Rep.","Middle East, North Africa, Afghanistan & Pakistan",Lower middle income,Emerging,0,116538258,7.853380872645033,8.02362217321319,8.076011282035749,8.179939755339994,7.853380872645033,4.256032514203876,1.0477821764511959,2.078569466084922,2.4655613176903217,2.3724628087819006,2574.42341789647,2635.70305226634,2761.62410768311,2902.06559803259,3052.2129784594,3135.09661305712,3233.84521249306,3222.37650111397,3220.99194201188,3216.37839024454,3235.66246235519,3306.98159414141,3381.22246307712,3452.90961245976,3568.63966286365,3701.2446344954,3770.86947868544,3837.31992325256,4029.78295458204,4111.3118479018,4137.6092923313
SLV,El Salvador,Latin America & Caribbean ,Upper middle income,Emerging,0,6338193,8.033086190447184,8.137527187971052,8.206829270823723,8.305524283156728,8.033086190447184,2.611024938096714,1.3860416570534062,1.973900246660099,2.0529714146803135,1.978081887951813,3081.23629665234,3163.36118376833,3302.34817354347,3359.1623024135,3420.44927357443,3337.81150878211,3398.49346060363,3515.19664634846,3600.31912505518,3665.90044167854,3713.94992016222,3790.34089108162,3875.84691357954,3954.84014277572,4046.16291720583,4143.11437097867,3808.53195436409,4247.54750394978,4355.96037108555,4481.19664108356,4576.55846613444
GNQ,Equatorial Guinea,Sub-Saharan Africa ,Upper middle income,Emerging,0,1892516,9.127893724419232,9.476395532469718,9.280952185741047,8.791622897536392,9.127893724419232,8.712545201262158,-3.908866934573428,-9.7865857640931,-4.934526506597651,-3.161712086393494,9208.60566707162,10212.4545051498,10521.9996774827,11594.9172068456,13048.0703050168,12627.862381545,10984.3243932426,11203.9073679091,11650.7196270884,10731.6455729191,10363.4872473549,9068.91003238645,7971.83401904573,7259.10936454803,6578.90039765711,6018.12066321865,5575.26241511492,5487.92479201992,5524.24312418579,4992.26076814571,4892.95310498567
EST,Estonia,Europe & Central Asia,High income,Developed,1,1372341,9.499161429013615,9.722504965252952,9.729701425205867,9.899195630013553,9.499161429013615,5.583588405983391,0.14392919905830476,3.389884096153723,0.13652163618206145,2.0411274958543038,13348.5284463324,14703.6179707772,16234.5152041417,17543.4661785723,16688.997772178,14274.8511086787,14657.939813612,15820.922342204,16460.6843479001,16809.5326683781,17413.6867560212,17722.1557669523,18264.9873304279,19270.8141210511,19914.3454922878,20579.8756732376,19946.945696898,21570.6658455268,21023.2994937246,20126.3730486957,20078.1397620993
SWZ,Eswatini,Sub-Saharan Africa ,Lower middle income,Emerging,0,1242822,7.832864382858646,7.989788675363347,8.11136396881017,8.179071593535255,7.832864382858646,3.9231073126175366,2.431505868936451,1.3541524945016936,1.3500016446657508,2.1360365467827696,2522.14342097167,2658.75180508187,2823.48728215402,2928.46845823015,2950.67334362132,2973.83456912379,3069.52175725884,3108.70225253092,3218.50138205493,3332.11983927912,3381.79292071291,3419.82276559528,3500.17688847942,3596.23605400492,3565.54285067501,3759.67106964666,3609.3669136859,3719.03838239806,3695.64957179548,3790.16576788091,3866.37127926695
ETH,Ethiopia,Sub-Saharan Africa ,Low income,Emerging,0,132059767,5.5907015419850365,5.898916621193537,6.250601806946336,6.55957106098399,5.5907015419850365,7.705376980212514,7.033703715055978,6.179385080753073,3.7378892951299174,5.965714383533742,267.923513391712,290.833381425059,313.013896721503,338.799064654308,364.642208155735,385.632419711374,421.898622378633,455.909628648555,481.639999909808,518.324662208106,556.362532243867,597.912113218663,636.835680951429,678.98541915757,705.96881207336,744.702789740042,768.705424484873,790.657019602458,811.177729337321,842.446604881663,883.458588614999
FIN,Finland,Europe & Central Asia,High income,Developed,1,5619911,10.633977792119145,10.744189564154127,10.666245645191548,10.721884069873319,10.633977792119145,2.755294300874542,-1.558878379251547,1.1127684936353837,-0.09662139543807291,0.41054497013944646,41521.962874476,42529.3506920884,44069.3958834717,46213.6898975737,46359.8732844055,42412.5133513534,43556.5385834368,44391.4535667984,43507.9345371578,42883.6384986417,42502.4880199858,42560.3456767103,43529.6761616969,44862.220404205,45337.2409550575,45898.5708448954,44690.9801103074,45792.0454180872,46016.1492103929,45196.4814400136,45075.1684940688
FRA,France,Europe & Central Asia,High income,Developed,1,68551653,10.450369670643694,10.498397836691959,10.498362554628631,10.546983342576375,10.450369670643694,1.2007041512066585,-0.0007056412665649994,0.9724157589548736,0.695079723840012,0.6915922768154121,34557.1471111581,34946.0372494703,35645.4162427116,36322.1685141004,36257.3658930938,35052.8510772683,35578.1968010183,36269.9561530888,36161.2918253465,36256.086680981,36444.3949089146,36702.4323733379,36920.5342846914,37580.5979329356,38062.4435961412,38705.2072940618,35709.2045925926,38030.8571685178,38868.3303330557,39319.4152227295,39683.3953489029
GAB,Gabon,Sub-Saharan Africa ,Upper middle income,Emerging,0,2538952,8.874725966139406,8.774681778845467,8.844805946849753,8.813527149568015,8.874725966139406,-2.5011046823484713,1.4024833600857023,-0.6255759456347633,-0.26382591424481056,-0.38514185713040305,7148.98713447497,7130.22505771754,6724.08148977274,6908.67399162999,6468.38523357609,6264.83611480154,6481.49612073562,6699.23394606512,6803.22668079211,6938.25753862236,6998.60545439576,7047.12654634355,6991.3251446736,6840.05959347802,6724.5961429108,6817.56879468764,6534.27966529444,6479.0490069252,6527.48207901861,6541.25368618042,6618.9868586134
GMB,"Gambia, The",Sub-Saharan Africa ,Low income,Emerging,0,2759988,6.5418425326274106,6.48871192105011,6.459156707798993,6.489399187925223,6.5418425326274106,-1.3282652894325242,-0.5911042650223466,0.6048496025246056,2.375960770058291,0.45057150750654673,693.563314497133,658.676285443081,636.596026908866,637.20930597537,657.675679192228,681.433469086571,701.014524591061,625.464360270983,639.139881889048,638.522368532214,611.879472952196,619.536364296461,615.193365494386,628.777299272925,658.127833258563,682.797642940426,670.758642891251,689.49323955737,710.686979216316,735.612384062616,758.965888826955
GEO,Georgia,Europe & Central Asia,Upper middle income,Emerging,0,3812518,7.65207299240279,7.996370625261619,8.244466988701284,8.45821858661897,7.65207299240279,8.60744082147072,4.961927268793302,4.275031958353722,5.62615281748666,5.718573816326899,2105.00472843799,2321.60084285163,2554.81253503914,2891.13702331846,2970.15858282428,2887.25607935922,3090.06513662318,3362.1030031968,3609.780798626,3806.50600649051,3960.35080091901,4086.6223465965,4225.09154904806,4442.50744127374,4713.65354845303,4975.81148194814,4659.60925318234,5175.19865185825,5736.30449578597,6180.6206023429,6606.35772271858
DEU,Germany,Europe & Central Asia,High income,Developed,1,83516593,10.482559629672282,10.571569399997207,10.618515901568854,10.689802961609656,10.482559629672282,2.2252442581231113,0.9389300314329316,1.4257412008160704,0.04621221852771971,1.0500803252451896,35687.6378708542,36024.0947047021,37459.261328042,38593.0749910508,39009.8477636357,36940.4078672661,38526.7371042695,40722.4849268242,40834.5088218456,40884.8926759028,41602.4661281668,41929.7549110722,42516.9337063103,43543.4807050551,43905.8550061973,44235.2658954682,42372.8726784255,44011.0194631674,44817.1316331389,44368.9920074881,44027.7631554469
GHA,Ghana,Sub-Saharan Africa ,Lower middle income,Emerging,0,34427414,7.010586877806363,7.156671186674488,7.449263567025663,7.5577095484827375,7.010586877806363,3.6521077217031266,5.851847607023506,2.168919629141498,2.102599158181774,3.366393100836409,1108.30475353633,1143.31178934301,1185.26570738595,1205.31705804209,1282.63416886747,1311.63053760125,1381.2279503506,1537.81834019283,1640.54072088003,1718.59704769958,1726.36930134647,1722.77282833606,1740.81101902928,1841.44636153249,1915.4532323781,1999.55372220211,1970.19411460398,2030.04866500967,2067.20895855521,2091.81335596465,2173.00329800201
GRC,Greece,Europe & Central Asia,High income,Developed,1,10405134,9.984519236978075,10.08263240532506,9.77820074620124,9.83996392753441,9.984519236978075,2.4528292086746304,-6.088633182476414,1.2352636266633648,2.2599512485594357,-0.04479117265050557,21688.1050959558,21880.5265835801,23220.5324419197,23973.6936091313,23923.8800731311,22878.1346644397,21547.724178239,19448.255802525,17924.6620496886,17644.8766635021,17903.5252440012,17980.7298238137,18049.928997892,18352.0884461258,18769.0389621976,19216.6759579785,17486.951333323,19231.2888803517,20550.5049158297,21050.8648111581,21494.6856060599
GTM,Guatemala,Latin America & Caribbean ,Upper middle income,Emerging,0,18406359,8.08647353853656,8.180301355090869,8.220754109259989,8.30405248040512,8.08647353853656,2.3456954138577384,0.8090550833823995,1.6659674229026193,2.0324845178752113,1.6976400647053658,3250.20561194529,3284.81128421658,3388.15165081967,3527.77995621193,3569.93031541246,3516.19395579721,3546.62750929879,3621.37582644774,3655.57490299412,3717.30457960279,3809.61584332802,3893.50533299068,3924.7789643024,3972.74059262672,4040.21214374742,4139.12206338632,4005.83916360689,4268.62864461492,4383.90326160481,4469.05514652918,4564.21378502908
GIN,Guinea,Sub-Saharan Africa ,Lower middle income,Emerging,0,14754785,6.469533754748539,6.529091456762496,6.592815937106983,6.802291789183961,6.469533754748539,1.4889425503489004,1.274489606889745,4.189517041539572,2.5060392391063484,2.4156019439090133,645.182843390689,651.359606871604,645.472001923653,673.698997420626,684.775780377366,660.756701330284,675.736917327708,696.199991395571,719.505916794546,729.833143236326,738.272274481308,747.356966759448,807.236421043888,867.907502577607,899.907328045175,926.42221954853,945.570903389665,973.646890096159,987.502501465337,1016.88094800324,1045.92207475792
GNB,Guinea-Bissau,Sub-Saharan Africa ,Low income,Emerging,0,2201352,6.350058960783207,6.411750318762545,6.452199504759086,6.5315433242342085,6.350058960783207,1.5422839494834257,0.8089837199308466,1.5868763895024425,2.2549872866402922,1.5839180032470945,572.526464627294,595.94255560187,597.257151722046,597.482020935948,608.958620496925,608.202131879882,625.904027290582,658.953470528116,630.66862302825,634.095456089352,623.610159103365,645.066837207039,663.242608032005,677.466131311367,686.456819839526,706.298562874985,710.275830755611,729.396882757942,752.149255217249,769.504652461795,785.91021956464
HTI,Haiti,Latin America & Caribbean ,Lower middle income,Emerging,0,11772557,7.159993696806028,7.212688197321512,7.238771262553812,7.270558172127199,7.159993696806028,1.3173625128870925,0.5216613046460175,0.6357381914677298,-3.6495392045321284,-0.5420393847537823,1286.90282128221,1304.33303731231,1305.03813815611,1343.61111422048,1356.53400140048,1412.89653523429,1317.58389339746,1369.16921255852,1354.88546124499,1392.38204736859,1411.76834802154,1411.12684746796,1416.74881879698,1432.67228609541,1437.35251928349,1394.42114071112,1331.69778506932,1292.71954963551,1256.72143592448,1219.11871645847,1154.68841945337
HND,Honduras,Latin America & Caribbean ,Lower middle income,Emerging,0,10825703,7.554287415846978,7.6848515706753915,7.698664751950635,7.7957021053986795,7.554287415846978,3.264103870710349,0.27626362550486583,1.9407470689608879,0.9671214512690175,1.4972098831392122,1908.90950050464,1975.85647913236,2056.53491469231,2134.19540639485,2175.14709403064,2076.30859895638,2108.47314459603,2144.56265540491,2188.39378817891,2205.40126728067,2229.24772232218,2271.20265980349,2315.72983058198,2383.37398439714,2430.13503657762,2447.61649282181,2189.43168668222,2423.76634916911,2482.22384904714,2527.27366333188,2575.32081187859
HKG,"Hong Kong SAR, China",East Asia & Pacific,High income,Developed,1,7524100,10.319044570978237,10.516618459525374,10.620350713690899,10.720631693143805,10.319044570978237,4.939347213678435,2.0746450833104997,2.005619589058103,-0.20221361631536947,1.9472715259332265,30304.2901619598,32401.3558626573,34458.0032348089,36371.6434233987,36924.0529643897,35938.578391742,38090.0154420129,39656.3184510131,39887.8192650568,40959.9776349249,41796.8593150091,42432.1619740441,43087.5537128127,44380.8176753147,45280.4971892076,44195.2741142906,41451.2989586282,44530.9213833761,43281.0067309646,43518.9311789918,44734.4365296835
HUN,Hungary,Europe & Central Asia,High income,Developed,1,9562065,9.286049537171168,9.386788127288737,9.369868460150887,9.584230758165745,9.286049537171168,2.5184647529392192,-0.3383933427570305,4.287245960297185,2.1582319007874395,2.1383756752091143,10786.4881991495,11272.7345428122,11734.4544729813,11791.7074416876,11929.7209867703,11142.885928524,11287.3686666108,11536.3578996772,11440.7622718825,11729.5720798501,12287.3779441033,12782.9412577973,13145.6559885563,13734.2442804335,14533.7783144312,15290.8085466331,14664.2971195385,15787.9535427563,16487.7973935944,16375.0462724192,16543.1049095203
IND,India,South Asia,Lower middle income,Emerging,0,1450935791,6.794134759426066,6.990722370329887,7.243837295211632,7.540811487804716,6.794134759426066,4.914690272595531,5.0622984976349095,5.939483851861681,3.8082753289603954,4.875866240581372,892.596614580718,947.732565644272,1008.23275344818,1069.24696812234,1086.50605251005,1155.10163273817,1235.15939132939,1281.61054354937,1333.09626557649,1399.4537980281,1484.31640682961,1583.99815907985,1694.46534973787,1788.69770318481,1883.35772705055,1936.03067741063,1806.50110583865,1965.30943437472,2098.21124476122,2229.71491223037,2366.8328910323
IDN,Indonesia,East Asia & Pacific,Upper middle income,Emerging,0,283487931,7.633227420160034,7.809785586289368,8.024614233453086,8.21644521178391,7.633227420160034,4.413954153233349,4.296572943274371,3.83661956661647,2.7600544612410083,3.7441052964916812,2065.70617470842,2155.4478015921,2244.0802226202,2355.1528565328,2464.60193418272,2546.21969707767,2670.8129098953,2799.62468790318,2930.518445323,3055.24246006469,3170.72103011429,3288.22269725538,3416.81005170972,3553.51999262321,3701.32155461912,3850.90321738979,3739.44906563161,3850.68877253903,4024.91225288391,4192.64401034181,4367.94741847938
IRN,"Iran, Islamic Rep.","Middle East, North Africa, Afghanistan & Pakistan",Upper middle income,Emerging,0,91567738,8.435430204601783,8.524355497821062,8.500448359868757,8.542319847097776,8.435430204601783,2.2231323304820045,-0.47814275904608544,0.8374297445803446,2.153570489683958,1.180519359385153,4607.45169088209,4650.35841490708,4778.7934584732,5084.71796043623,5035.94008533618,5023.89314362941,5249.06133369759,5321.75870744453,5058.64637811835,4916.97291948475,5093.20319702187,4952.73355532178,5312.61724954192,5395.2398398598,5127.22495367018,4952.45669081078,5132.82430762118,5300.62271961895,5465.31447539413,5687.84396268742,5834.44296939863
IRQ,Iraq,"Middle East, North Africa, Afghanistan & Pakistan",Upper middle income,Emerging,0,46042015,8.117988214007669,8.237950081775155,8.412904739864173,8.465691289665148,8.117988214007669,2.999046694187177,3.499093161780351,1.055730996019528,-2.1258984443869404,1.1007458449713228,3354.26588756715,3310.86344473993,3471.98744698568,3565.58054079041,3781.78001712762,3768.17284328983,3881.94327045302,4030.01686860986,4387.90469058707,4504.82687537354,4446.97343234862,4440.14189252367,4932.9272911439,4736.32710809857,4749.00921836896,4898.14897668582,4213.99843766061,4182.50064045825,4412.99733146512,4337.0870532422,4180.29619477317
IRL,Ireland,Europe & Central Asia,High income,Developed,1,5395790,10.796639103723713,10.80894298253408,10.777455886695826,11.212212931086379,10.796639103723713,0.30759697025919774,-0.6297419167651201,8.695140887811068,4.064624496725195,3.297256485830885,48856.3238587396,50547.2123729763,51656.8194855887,52849.6948429458,49461.1594281353,46466.3794269222,46991.6464673949,47539.9181739968,47147.1604669421,47928.0346487005,52044.6201181887,64250.1385181257,64205.979777351,69748.6221034014,74029.0550611436,76485.635854651,80927.936475395,92781.2322150786,97793.5366671697,93541.9643678381,94474.9879707069
ISR,Israel,"Middle East, North Africa, Afghanistan & Pakistan",High income,Developed,1,10002200,10.27055855276798,10.38960325878136,10.475491751594292,10.563465930341833,10.27055855276798,2.9761176503345026,1.7177698562586194,1.75948357495083,1.3191103735320155,1.8602699999288679,28870.0080868057,29600.1467243332,30707.435814097,32071.3107404162,32519.7624461575,32139.1146490917,33307.1044316197,34499.9509262825,34685.0915981013,35436.2912873273,36055.08530225,36138.13561386,37044.0118623764,37911.0217281157,38695.0100079706,39322.038041422,37938.3809354755,40788.2391785198,42539.2748766689,42131.7415675806,41882.0474698252
ITA,Italy,Europe & Central Asia,High income,Developed,1,58952704,10.414782300707424,10.420811041774327,10.319893331311004,10.372354339411459,10.414782300707424,0.15071852667259275,-2.018354209266451,1.0492201620090889,1.276595003550755,0.17083869458540363,33348.9744820456,33407.6754716472,33873.0493680093,34159.9109244074,33550.6340800063,31587.0638416305,31928.5543621096,32039.5032494316,30953.4147447427,30330.0221599668,30325.0287793923,30639.8829751432,31077.6792675211,31635.52277108,31963.6417148824,32180.4341017428,29469.7989238626,32267.7091050201,33891.8866526216,34221.7182928271,34508.1235191237
JAM,Jamaica,Latin America & Caribbean ,Upper middle income,Emerging,0,2839175,8.61381185135065,8.637566602260277,8.573551669313158,8.651352723657938,8.61381185135065,0.5938687727406763,-1.280298658942397,1.5560210868956326,1.068439211142158,0.5082361248790909,5507.20135110043,5525.73577833713,5656.66803579988,5710.53878446758,5639.58974873397,5372.14234169511,5271.57221477938,5339.62170188798,5284.00852557589,5289.88438546111,5307.19165380801,5339.30718256806,5472.28314023034,5586.1365723133,5717.87621107532,5814.79275311692,5317.84145033966,5607.45378253877,5965.46127464873,6127.90771263434,6096.4327030963
JPN,Japan,East Asia & Pacific,High income,Developed,1,123975371,10.397669310937012,10.43436846328704,10.452668875283202,10.515950155308118,10.397669310937012,0.9174788087506753,0.36600823992324705,1.265625600498352,0.4796047207190461,0.7352856380712476,32783.1292835489,33385.9179590327,33880.6890093456,34426.6937124867,34008.5915147362,31993.8588053706,33311.2872381879,33306.1802259719,33909.4911855243,34636.6924746166,34996.8796756631,35664.6446110613,35934.4467886662,36547.7357437305,36899.3847079435,36837.2583653113,35363.2996951789,36792.556429474,37448.3504824849,37902.5492204411,37976.6371788298
JOR,Jordan,"Middle East, North Africa, Afghanistan & Pakistan",Upper middle income,Emerging,0,11552876,8.3655848010961,8.497476790473112,8.518744311940884,8.371017576451653,8.3655848010961,3.2972997344252715,0.42535042935547,-2.954534709784637,0.46043715520551026,0.16529502333941645,4296.62367370886,4532.96248258538,4596.56909353547,4681.17006766931,4902.38348073849,5043.62638729303,5066.49720027725,5085.98005025386,5135.0327939589,5007.76162067161,4703.39944986815,4441.61896013754,4326.17261571505,4335.92512689541,4320.029787425,4313.80791426608,4188.21240095719,4266.3790298994,4309.61432856804,4373.38088482368,4441.03974922351
KAZ,Kazakhstan,Europe & Central Asia,Upper middle income,Emerging,0,20592571,8.737660267160361,9.013902261750278,9.20630482703776,9.275211214279073,8.737660267160361,6.906049864747945,3.848051305749628,1.3781277448262645,1.779880146731051,3.2217187796128792,6233.29439373307,6787.4115548789,7450.39687062615,8036.87599811505,8216.52181589585,8218.39912556048,8704.70655484556,9223.3021336315,9531.91477617058,9959.72586930534,10226.7100539683,10196.1226255982,10151.423313302,10404.2718646317,10670.2120148279,10989.6840718388,10565.0359816235,10873.3915275276,11058.3482413407,11453.3952725363,11872.7842626298
KEN,Kenya,Sub-Saharan Africa ,Lower middle income,Emerging,0,56432944,7.082762178819241,7.149738061150247,7.254136420722833,7.375688302972038,7.082762178819241,1.6743970582751515,2.08796719145173,2.431037644984091,2.5339874856280367,2.2248268664523954,1191.25443604556,1223.44738472019,1263.54164666211,1309.91092948216,1273.77226103073,1276.73503486074,1340.16467408856,1370.58000874482,1396.30178709756,1413.94142522583,1450.59338202277,1489.11959777284,1517.97796057742,1542.33773973372,1596.69045914945,1645.70961777862,1609.33414078281,1698.89578271444,1747.53198804428,1811.21651838425,1858.87650030024
KOR,"Korea, Rep.",East Asia & Pacific,High income,Developed,1,51751065,9.963868082449396,10.12400925527797,10.265791514107688,10.399794957607943,9.963868082449396,4.003529320714345,2.8356451765943786,2.680068870005093,2.003103331394495,2.780565375211086,21244.8136800528,22123.7613066851,23162.1860111297,24391.7651013448,24934.5396367691,25009.9148311999,26623.0487122927,27393.455357272,27944.0564190045,28732.711152033,29470.6732991655,30171.7906545222,31005.4072876388,31979.9027302467,32852.8887488942,33496.3113815643,33215.9298928108,34792.9397214598,35809.0138105144,36347.7036392553,37048.4264001496
KWT,Kuwait,"Middle East, North Africa, Afghanistan & Pakistan",High income,Developed,1,4897263,10.543195468891083,10.592940741491688,10.383168579378946,10.19264425591333,10.543195468891083,1.2436318150151127,-4.195443242254833,-3.8104864693123366,-1.683421087130684,-2.257782391027976,37918.5405829238,40451.2551656974,41137.969927672,41113.8693942735,39852.5129115699,35124.0853941026,32568.4981754501,33545.346271839,33578.3309651964,32311.1800008536,31073.1537300624,29882.2126495698,29454.4426388829,27048.3706935958,26706.0191660864,26580.2264741607,25541.5378987908,26203.2617257856,26579.8321646876,24722.8143701857,24140.3257964584
KGZ,Kyrgyz Republic,Europe & Central Asia,Lower middle income,Emerging,0,7221868,6.723209775784868,6.8735881449924054,6.975212079410454,7.069084086759415,6.723209775784868,3.7594592301884235,2.0324786883609773,1.877440146979204,3.19750676272049,2.6886235836888774,831.482103944381,820.709519437592,837.138026647346,900.02796489729,966.409971184817,981.220904665529,962.764789828724,1005.4831781815,985.8472865972,1069.78404438716,1088.58214229508,1105.65193844261,1128.3161612818,1157.18275758067,1175.0712778747,1201.87701429721,1093.32856461422,1132.5546781282,1212.17812721768,1298.25724482211,1423.58624650541
LAO,Lao PDR,East Asia & Pacific,Lower middle income,Emerging,0,7769819,6.992795031945487,7.231097074743313,7.5444795114478715,7.807907989198822,6.992795031945487,5.957551069945648,6.267648734091176,5.268569555019001,1.6812575715388347,4.579942057728324,1088.76034728831,1148.68153852071,1228.08927619923,1301.08597549864,1381.73754223953,1463.3379666846,1564.91068311647,1666.40086189871,1774.63585203672,1890.27861294875,2006.31195444447,2121.01339097363,2234.76098741846,2351.57441747595,2459.97874636195,2554.95638019245,2529.74622698761,2556.58912640405,2589.05015191628,2648.88726608035,2721.07810663122
LVA,Latvia,Europe & Central Asia,High income,Developed,1,1866124,9.100216745757315,9.43401934025724,9.421697828426328,9.62377826726125,9.100216745757315,8.345064862498095,-0.2464302366182288,4.0416087766984266,1.3301587437292233,3.0168552306384355,8957.23393555082,10106.2626157732,11507.4648265658,12810.0409502542,12506.6945041012,10675.425174228,10500.8666223014,11018.5152421583,11971.0107466522,12353.5386135301,12731.6771959342,13321.9753140616,13787.3367440023,14382.8612727134,15120.0698171804,15328.3859933295,14900.7295718866,16070.1680032322,16421.3748596,16229.3844520245,16376.2565245797
LBN,Lebanon,"Middle East, North Africa, Afghanistan & Pakistan",Lower middle income,Emerging,0,5805962,8.799925923065931,8.949144194965205,9.041156761014575,9.034643643950968,8.799925923065931,3.7304567974818723,1.8402513209873916,-0.13026234127211928,-7.368582747339303,-1.0369862197765993,6633.75258002393,6707.18024635316,6696.37428200596,7179.34520092306,7701.29823027979,8375.48851252821,8955.54336184707,8936.20027462737,8920.8056984673,8443.53856528784,7830.4151113336,7714.1099998804,8019.1416913426,8305.57405425721,8388.7235123835,8064.04873416236,6440.82843092922,5973.41933892988,5909.03651555028,5834.63415739394,5391.22914209501
LSO,Lesotho,Sub-Saharan Africa ,Lower middle income,Emerging,0,2337423,6.706609979454297,6.879233746416341,6.997553235169458,6.973959252296863,6.706609979454297,4.3155941740511095,2.3663897750623457,-0.47187965745191285,-0.8948136723120915,1.0683022625192025,817.793597897186,853.960500629797,893.750686627156,927.26863327342,971.881366821351,952.747929746529,995.233432451681,1031.99721564343,1086.39034816283,1093.95323489272,1100.04993684215,1121.19851342518,1147.58748801671,1097.82166812752,1068.44462913373,1040.99351014117,944.834128375429,955.221236301503,967.51928598325,973.116561960912,1012.59379523386
LBR,Liberia,Sub-Saharan Africa ,Low income,Emerging,0,5612817,6.28412647832901,6.382129636821215,6.575085994465748,6.501102625476685,6.28412647832901,2.4500789623051356,3.8591271528906432,-1.4796673797812416,-0.019386817096874027,1.0790646906093155,535.995882066218,539.665378841936,551.377446611852,574.609394348543,591.185378141907,603.256211077605,621.783295071575,646.908727016597,674.360011422232,717.007280358975,707.157694930142,692.590082351257,668.031513175601,671.260899835355,665.875439637137,636.699384824869,605.025475431411,621.927983063426,638.005183858289,653.329188343162,665.101337624192
LBY,Libya,"Middle East, North Africa, Afghanistan & Pakistan",Upper middle income,Emerging,0,7381023,9.352630304517888,9.503233876141714,9.222892752955376,9.212429845019795,9.352630304517888,3.7650892905956432,-5.606822463726746,-0.20925815871163894,-4.399389268609462,-2.0208190780733064,11529.1086646221,12628.896152656,13176.7758911904,13712.9602583972,13403.0004645911,12549.0854345521,12913.9334939386,6569.59477578957,12599.258882136,10126.314927806,7644.24843947404,7458.48917756374,7236.16409923502,9435.60060040046,10020.9165751361,8768.4104874586,6102.79864032512,7731.35448152581,7002.68189296358,7630.49664928174,7696.0807819319
LTU,Lithuania,Europe & Central Asia,High income,Developed,1,2888278,9.088390340225851,9.419346031266365,9.483858122194823,9.717453240633645,9.088390340225851,8.273892276012825,1.2902418185691822,4.671902368776437,2.4249053468156707,3.8727861060836717,8851.92598922347,9692.86853763267,10577.2145522871,11889.3545234657,12324.5197331387,10612.9204044582,10884.1161852582,11836.7200384033,12516.6184065667,13145.8069309969,13753.1895982305,14269.8039878287,14823.107153522,15695.9993288456,16604.9021440809,17431.7239081591,17443.65526328,18572.2895051093,18873.8427527274,18748.9302647191,19205.4152293136
MDG,Madagascar,Sub-Saharan Africa ,Low income,Emerging,0,31964956,6.094198590323231,6.1963706737516615,6.088306868274125,6.129769706715298,6.094198590323231,2.5543020857107597,-2.161276109550719,0.8292567688234597,-0.19609072116311044,0.1190283656114034,443.278654985967,450.955230911228,461.540337897729,473.785462328449,490.963935389518,457.789754866068,447.417143030687,441.755158414121,442.641500123543,440.674658903628,443.343869908205,445.320069480568,451.15659433146,456.851859574031,459.330367799543,467.27741349648,422.924255422319,431.599103077746,438.438112102315,445.874102052267,453.957809653992
MWI,Malawi,Sub-Saharan Africa ,Low income,Emerging,0,21655286,6.011426269720294,6.143222666286294,6.264079260215444,6.316313766879168,6.011426269720294,3.2949099141500087,2.4171318785829796,1.044690133274504,-0.047559070969461,1.5101697645035344,408.064916052765,410.267979592536,417.877689776503,445.254305419586,465.55147298007,489.631418790158,508.088650552846,517.833736624232,512.74031797451,525.357645516557,539.562601918057,539.605363240686,538.221990810959,544.795729220349,553.528790902088,569.866249371948,559.447086086067,569.968967322435,560.635759714941,557.03523965791,551.95152347056
MYS,Malaysia,East Asia & Pacific,Upper middle income,Emerging,0,35557673,8.857279685880815,8.984207087579115,9.101061885413454,9.269570612593471,8.857279685880815,3.1731850424575283,2.3370959566867686,3.370174543600334,1.88933434189197,2.628254936130872,7025.34558004381,7234.02442689141,7469.8106921211,7769.59693350488,7976.11785374773,7700.46111294033,8118.92270511981,8400.32248683558,8710.52671359902,8964.80724896203,9341.73055971278,9648.6797937523,9901.47960179812,10293.7629205362,10610.1950240479,10902.9834855856,10171.4657842762,10388.2667120857,11191.6511756943,11445.3925275079,11883.79127749
MLI,Mali,Sub-Saharan Africa ,Low income,Emerging,0,24478595,6.6852388018973326,6.66842710917962,6.670537458421474,6.794562305987584,6.6852388018973326,-0.4202923179427993,0.04220698483705902,2.480496951322215,0.32020538174111196,0.6426791349735929,800.501816705242,794.373328212082,797.10053288464,784.893915013531,787.156518982091,803.486738930068,821.181286586904,818.399030997125,786.323471337187,788.819448208696,813.97566128646,838.11986940103,860.75307554569,878.561348378099,892.978322787306,909.751069706998,872.389426815267,872.332509422409,877.817842434642,892.689219532429,910.300376300627
MRT,Mauritania,Sub-Saharan Africa ,Lower middle income,Emerging,0,5169395,7.201930669790764,7.325186322170231,7.3176533405705735,7.382071714438738,7.201930669790764,3.0813913094866936,-0.15065963199317503,1.288367477363297,0.8682022926775961,1.1611659110431476,1342.01926086998,1422.08355395812,1641.14052210995,1567.52103874761,1518.05671993749,1472.73229282851,1463.84763242531,1476.23923867862,1492.69966692583,1506.66419033006,1524.45340969502,1558.84205473416,1531.87725661699,1580.01453100123,1606.91539159026,1609.15396170643,1557.19511875153,1524.11753502309,1580.70391528747,1638.99221583023,1692.84166088843
MUS,Mauritius,Sub-Saharan Africa ,Upper middle income,Emerging,0,1245779,8.77306098058126,8.928661157982713,9.101475103548594,9.287806981714475,8.77306098058126,3.8900044350363707,3.456278911317618,3.7266375633176003,1.6344277005077046,3.06405831581839,6457.90977761094,6533.89994300683,6819.92708580325,7180.23173197486,7545.15683789094,7778.25811331163,8100.95282599507,8423.28220250903,8694.84560747968,8968.51243536773,9297.64820128968,9630.5437837507,9997.89198315532,10383.8832682578,10805.4615213739,11111.3423669526,9533.5982796049,9849.34891121846,10703.2364271462,11330.7335655767,11918.8045212095
MEX,Mexico,Latin America & Caribbean ,Upper middle income,Emerging,0,130861007,9.150727275536402,9.192822036515162,9.183864005595144,9.239595156557186,9.150727275536402,1.052369024468958,-0.17916061840036202,1.1146230192408673,-0.020788532732620876,0.43810284528413196,9421.28976132695,9491.51730268004,9813.82804186659,9877.69532636562,9826.34218448486,9074.11881448129,9389.06722076504,9575.93437734618,9782.51776251839,9738.71059661101,9862.4812534745,10021.2386113616,10100.5021195819,10193.7727188313,10296.8690940459,10159.4448367696,9234.64362226594,9728.05680024504,10013.2479227064,10234.6840265651,10284.0336925726
MDA,Moldova,Europe & Central Asia,Upper middle income,Emerging,0,2402306,7.485037775118744,7.718341390309488,7.865514311622449,8.091932263900603,7.485037775118744,5.832590379768626,2.9434584262591974,4.528359045563087,2.7556952743825516,3.861181026224062,1781.19145323724,1919.44550763748,2017.17730062908,2082.51260097669,2249.22589719372,2116.94357544097,2269.51116145996,2402.94446306051,2389.08666147529,2605.85029986142,2737.80185056647,2749.55137054338,2910.95486872376,3085.33305844263,3267.9961042872,3438.67732670712,3188.91691602699,3688.16729442144,3610.14315344719,3758.3688194082,3855.56940382925
MNG,Mongolia,East Asia & Pacific,Upper middle income,Emerging,0,3524788,7.571660365167494,7.854269818490425,8.196686802227164,8.338988508131704,7.571660365167494,7.065236333073273,6.848339674734784,2.8460341180908055,1.677190193418186,4.339797772846508,1942.36263694017,2060.26168223171,2209.74321787628,2403.72416258662,2576.71295838607,2498.72967493254,2611.67326563924,3010.81642672623,3318.16496597089,3628.90708069575,3830.35892049593,3838.92126989984,3817.91962716702,3956.2049437134,4183.85566447661,4337.8167085432,4066.03410882791,4063.53669849245,4205.88554513551,4456.53627552726,4626.79609644243
MAR,Morocco,"Middle East, North Africa, Afghanistan & Pakistan",Lower middle income,Emerging,0,38081173,7.741134633562479,7.881781075892298,8.009092367633745,8.103104581788365,7.741134633562479,3.5161610582454683,2.546225834828941,1.8802442830923982,1.0336415137955703,2.119942195268099,2301.08178710938,2342.15478515625,2489.99291992188,2540.615234375,2648.58569335938,2710.66650390625,2767.04223632813,2879.53930664063,2927.45043945313,3008.185546875,3051.458984375,3146.24780273438,3124.42504882813,3242.64428710938,3304.7119140625,3364.73950195313,3090.89428710938,3309.130859375,3334.91162109375,3421.21704101563,3516.15405273438
MOZ,Mozambique,Sub-Saharan Africa ,Low income,Emerging,0,34631766,5.932417475218029,6.133283708601263,6.326853972138992,6.431578610385618,5.932417475218029,5.021655834580847,3.871405270754587,2.094492764932512,-0.41814991987617506,2.3703606998750915,377.064958084878,391.699758163976,420.526462764726,442.049574057751,460.94729485679,475.788178051193,494.162859074785,514.869957191994,540.2945177803,559.393953685688,585.266716133984,610.563774706589,620.779714954555,618.397694360334,621.153734194787,617.13932000195,591.804059985932,588.215854695416,596.086630918965,610.591041611538,605.763481416969
MMR,Myanmar,East Asia & Pacific,Lower middle income,Emerging,0,54500091,6.138439836098998,6.57175151923277,6.932145996965493,7.216392485398779,6.138439836098998,10.832792078344294,7.207889554654464,5.684929768665727,-2.6921504339846014,4.582118116303527,463.330135715332,522.099544784661,586.085579927418,651.729730890268,714.620419017338,785.634853157894,854.932478016035,895.512538750361,953.123081923425,1024.69060473254,1099.24387750099,1166.73305546337,1225.37913970989,1290.5640902569,1361.5683126412,1440.98988236734,1301.31386350667,1136.9956605414,1174.76697945755,1177.76649645563,1158.47928097728
NAM,Namibia,Sub-Saharan Africa ,Lower middle income,Emerging,0,3030131,8.183926420921873,8.30310399415493,8.42272152996369,8.389467854310752,8.183926420921873,2.9794393308264344,2.392350716175199,-0.6650735130587794,-1.4558411577682984,0.5909548196139033,3582.89503259701,3627.75059772278,3834.99894666178,3987.61796106565,4036.38187484707,3989.20711387651,4165.12990200988,4302.72451368462,4420.96741373862,4549.26759093897,4701.95694189098,4774.10650865775,4648.62713460213,4476.73324402105,4400.47537705743,4243.09274481966,3787.49943973286,3809.80753359714,3905.55135268164,3973.49010579998,4032.40150676649
NPL,Nepal,South Asia,Lower middle income,Emerging,0,29651054,6.379223707117632,6.502587769712752,6.685909710982821,6.929433520762369,6.379223707117632,3.084101564878006,3.6664388254013773,4.870476195590952,2.396634242300392,3.4700393409138015,589.46992868617,603.190108570995,617.477638588722,633.226129136597,666.865095417138,692.400000816919,721.265221364302,742.617252662576,775.310578479839,801.039060847856,846.665541773599,875.543635474862,875.188943730855,951.857298563641,1021.91492204011,1077.11796498188,1031.53618783934,1062.7888430629,1113.55462341223,1136.4276931197,1179.95499311034
NLD,Netherlands,Europe & Central Asia,High income,Developed,1,17993485,10.637371820838823,10.741323621474573,10.702953141663102,10.78855601392628,10.637371820838823,2.598795015893747,-0.7674095962294292,1.7120574452635786,0.9074739540339535,1.0281631516474719,41663.1290344572,42411.3480862811,43841.0915818567,45445.542186196,46227.1987545514,44304.4041948677,44659.2793901474,45239.7198745589,44631.8855633239,44487.0378593394,45042.0515907444,45793.8135434697,46655.0340264754,47670.0858101833,48463.0055608731,49254.024789064,47086.5674755497,49780.8328352542,51777.5314828276,50960.7810305308,51174.8997297902
NZL,New Zealand,East Asia & Pacific,High income,Developed,1,5290000,10.444608471478215,10.483528391004212,10.5251394810331,10.60306188280117,10.444608471478215,0.9729979881499337,0.8322218005777889,1.5584480353613694,0.47246346364439235,0.9340060957080935,34358.6289046143,35112.0769481474,35649.0258495224,36400.0153308952,35722.2274262581,35352.6428453692,35476.3713609154,35961.911959259,36588.819747177,37240.0279166822,38025.4674998632,38648.7302562109,39205.0341298225,39667.6884236272,40257.9139260803,40615.7266946543,39702.3112090418,41309.8198451344,42716.0866783034,42501.4932044968,41415.4670639187
NIC,Nicaragua,Latin America & Caribbean ,Lower middle income,Emerging,0,6916140,7.349792889742919,7.459717513687397,7.571193633093493,7.653181590260366,7.349792889742919,2.748115598611944,2.229522388121929,1.6397591433374554,1.3877533256820263,1.9332695002918432,1555.87425694816,1601.48770707458,1644.37193565251,1703.20780299405,1736.65740610408,1655.72028962416,1704.37875049059,1786.62863418308,1876.1759720149,1941.45628552626,2006.64869646533,2074.45620634731,2140.14405941606,2209.63273423213,2107.3396261623,2019.91518620044,1950.19181218473,2128.30880041334,2175.73845893874,2241.1228811163,2290.31991989418
NER,Niger,Sub-Saharan Africa ,Low income,Emerging,0,27032412,5.974823808474816,6.06191262579786,6.152073358668328,6.241101429750416,5.974823808474816,2.177220433076102,1.8032146574093564,1.780561421641759,2.2911691313368436,2.018738845779053,393.398781453199,407.190931059924,415.852022114801,413.419126261066,429.195542798877,421.650901333136,441.079166112039,434.986264873953,463.066265496402,469.690214200878,482.74524741946,485.662574175279,488.184823801581,497.172608329608,513.423699765289,526.60361746086,532.208221196997,520.912751008043,565.873385794358,561.960694711722,589.085643279512
NGA,Nigeria,Sub-Saharan Africa ,Lower middle income,Emerging,0,232679478,7.509227147606736,7.648874857149329,7.822180698537905,7.796378193844972,7.509227147606736,3.491192738564807,3.4661168277715264,-0.5160500938586575,-0.7512702313319338,1.2103741617915988,1824.80269456838,1889.25175325842,1949.15856804582,2020.83316299437,2098.2833922073,2204.60725603823,2315.46676509642,2370.97657091881,2403.65387896987,2495.34106573862,2583.61556958171,2585.73360671797,2481.81490350403,2441.71236404537,2431.77857832597,2431.53528475874,2228.68631426529,2206.66406255564,2254.29080414598,2280.67777167162,2324.59702394542
MKD,North Macedonia,Europe & Central Asia,Upper middle income,Emerging,0,1824359,8.15299442814708,8.387665366133492,8.48955081431236,8.647939544764558,8.15299442814708,5.866773449660301,2.0377089635773524,3.1677746090439847,2.5207766097085305,3.2309585659999533,3473.76544811451,3657.56307699216,3866.74650622977,4140.63354809364,4392.5507164151,4405.20045750867,4582.36517512347,4711.13027870081,4708.05168535923,4863.68088666968,5053.75001236367,5262.68671928674,5429.94678358359,5510.81862920922,5698.39334484489,5961.58475399191,5743.72649424581,6064.92315120022,6250.62720952063,6423.99221393369,6628.84686594032
NOR,Norway,Europe & Central Asia,High income,Developed,1,5572279,11.188470424309074,11.249960336556558,11.234681922978936,11.281160971684233,11.188470424309074,1.5372478061871258,-0.3055682715524392,0.9295809741059416,0.8547805699938551,0.7198869078739573,72292.1208978835,73933.7446235264,75428.8816534082,77205.7545984008,76876.8705028009,74688.7531445371,74505.4313586335,74563.8349085669,75669.0612719716,75711.2410395262,76430.7374974687,77220.9524311414,77532.2750022669,78961.7757906168,79313.2889434042,79937.5097885912,78387.0435023102,81199.3391492139,83756.7383805061,83100.7944645872,83487.1332276928
OMN,Oman,"Middle East, North Africa, Afghanistan & Pakistan",High income,Developed,1,5281538,9.879955848237893,9.999149211307742,9.867857268757941,9.812997966870682,9.879955848237893,2.9798340767462514,-2.625838850996038,-1.097186037745163,-0.8634387421611925,-0.5938210294844082,19534.8601445269,19629.0451546015,20096.3965576134,20642.7489563377,22007.7338963517,22819.1977324647,22766.0503620721,20993.9079436935,19824.1215485946,19299.9400516869,18726.2026946971,18808.3077921839,18830.6057208608,18277.945563615,18269.6769435562,18089.586668488,17743.8858800477,18291.3387983888,18792.4460565306,17853.9644897801,17347.2911298513
PAK,Pakistan,"Middle East, North Africa, Afghanistan & Pakistan",Lower middle income,Emerging,0,251269164,7.044901916101283,7.137319683901401,7.177553996570383,7.3535185312701,7.044901916101283,2.3104441950029404,0.8046862533796395,3.5192906939943525,0.7655492044836806,1.7727478371891912,1146.99632842666,1201.23359367214,1243.94142602543,1265.35567539842,1258.05188934452,1269.07432116444,1256.69482201323,1261.83161907857,1275.48806898966,1309.70080446386,1343.30778121043,1380.47020838317,1452.18658269177,1495.26187528032,1561.68169819559,1573.8330826937,1526.00597486307,1595.02792175422,1642.28066974826,1610.33122837537,1635.08731167091
PAN,Panama,Latin America & Caribbean ,High income,Developed,1,4515577,8.918485061185857,9.23874851160005,9.490758425869842,9.640540373769173,8.918485061185857,8.006586260354846,5.040198285395825,2.9956389579866185,1.7936826594968303,4.148381360765629,7468.76593139801,7935.87135060821,8557.9801770364,9507.64641073854,10288.1549911493,10267.0633151993,10698.0717633911,11761.4988547604,12668.2945474105,13236.8306754449,13611.5490809559,14082.6548502728,14474.1243636349,15045.5456426827,15375.6500855703,15602.5315209709,12647.0914227279,14552.9345271768,15956.0671087873,16877.1543425646,17122.7168795289
PNG,Papua New Guinea,East Asia & Pacific,Lower middle income,Emerging,0,10576502,7.507606326074636,7.567362229954573,7.678837991428156,7.831402482811024,7.507606326074636,1.4938975969984412,2.2295152294716685,3.051289827657348,0.3175983050507056,1.7142602751971523,1821.84741071002,1875.82273480514,1915.2349405788,2000.9726186689,1934.03201558753,2003.24109727039,2140.50939027384,2102.03192060639,2139.48096660428,2162.10592595591,2391.3578028163,2484.5963398603,2557.09463030035,2584.8883636271,2518.45899317321,2572.56177967896,2438.61137922293,2378.3893914666,2467.24008628973,2515.28575096589,2566.91067057792
PRY,Paraguay,Latin America & Caribbean ,Upper middle income,Emerging,0,6929153,8.331187861372,8.474006567482823,8.627503530512824,8.756877459781835,8.331187861372,3.570467652770549,3.069939260600034,2.587478585380232,0.8100426006870339,2.3714607722552854,4151.34584799368,4193.2808652562,4349.31197066182,4540.38235899198,4788.6631877791,4727.59685811395,5191.05014254402,5342.19015717376,5230.26244858764,5583.12274473463,5794.4764468976,5879.33792308671,6041.95879367268,6243.13363139058,6354.2392005297,6243.53620897773,6109.19608100615,6276.7748423663,6204.20811531911,6452.28566840034,6670.6995656958
PER,Peru,Latin America & Caribbean ,Upper middle income,Emerging,0,34217848,8.199904605893666,8.471887497983221,8.703085270909416,8.793785657037539,8.199904605893666,6.799572302238905,4.623955458523878,1.8140077225624822,0.34805256372943266,3.0738210248382005,3640.60299869744,3835.13219279722,4091.36268615581,4407.79121686416,4778.52642172313,4801.17153740507,5167.39259325937,5453.45718713631,5740.04346272472,6021.46142765232,6103.91864749969,6231.71150338894,6392.25474941014,6457.41940254721,6593.14437459526,6626.26083494969,5831.83024758521,6550.96747543872,6671.28902042137,6575.18295502228,6732.27773809578
PHL,Philippines,East Asia & Pacific,Upper middle income,Emerging,0,115843670,7.59001586064897,7.7253063249334675,7.8839795965372215,8.134742160070255,7.59001586064897,3.3822616071124285,3.1734654320750897,5.015251270660672,2.34453614064,3.426992339298427,1978.34489133113,2037.8776605946,2110.42044781284,2209.34651083329,2264.9462907288,2256.72554835463,2373.14312064664,2416.75212064542,2533.74141964959,2654.41506933978,2776.92005909479,2909.85818010301,3076.3374186759,3247.4503878362,3410.93647976109,3575.88170922922,3198.66690008413,3350.97587587776,3577.70136573244,3744.69763802686,3926.14900894495
POL,Poland,Europe & Central Asia,High income,Developed,1,36559233,9.02682463093347,9.228887485080271,9.36119092788997,9.585420842170386,9.02682463093347,5.051571353670015,2.6460688561939527,4.484598285608341,3.5455694044724524,3.8566518775263128,8323.38773754587,8598.57681241557,9137.65850849801,9760.7042604352,10187.2017910883,10446.5289138524,10808.3975674238,11370.313427173,11542.2353368014,11628.2286809525,12093.1622787394,12637.5220324406,13026.1858988718,13695.6452848724,14551.0850277089,15221.3090624454,15090.2228440113,16368.6239689025,17303.64494323,17410.3830137066,18000.5034591285
PRT,Portugal,Europe & Central Asia,High income,Developed,1,10694681,9.859422653913747,9.90421103740784,9.830794350175609,9.952171739599772,9.859422653913747,1.119709587352366,-1.4683337446446614,2.427547788483249,1.2726833103345863,0.8455504215304958,19137.8370898949,19251.71450683,19529.3122100477,19979.5706280792,20014.4749330004,19371.1318876855,19698.6836791397,19389.6395896162,18679.7626789594,18597.7214623964,18836.8967978906,19215.7813014347,19662.82312462,20364.1962735946,20997.7745987013,21569.1874752919,19778.7139525722,20747.6990734163,22042.8680283647,22417.1634060906,22663.993126225
PRI,Puerto Rico (US),Latin America & Caribbean ,High income,Developed,1,3202521,10.321401174570806,10.274227702890986,10.279020974346315,10.268437975281772,10.321401174570806,-1.1793367919954694,0.095865429106568,-0.21165998129085808,1.2103117190097936,0.09827751925777148,30375.7895758237,29815.216422231,29519.7386759729,29347.8460041613,28976.1310520159,28565.767919549,28569.5077088001,28706.0207514856,28968.6942131352,29115.3549161996,29141.2038639816,29242.041465085,29326.5748761873,29061.5563802711,28808.8518638025,29185.0969964707,28144.713741876,28416.4489370346,29643.6396279994,30012.9055109463,30978.7473320338
QAT,Qatar,"Middle East, North Africa, Afghanistan & Pakistan",High income,Developed,1,2857822,11.052587114225695,11.072769457581584,11.256479409583873,11.07303686581504,11.052587114225695,0.5045585838972066,3.6741990400458038,-3.6688508753766924,-0.5298575537921344,-0.05670850819092173,63107.0086346445,63555.6239820478,68036.6212164734,64614.0465071968,64393.5954479866,63939.8050831437,74271.9022959058,83533.4963791019,82441.7405083009,77379.6735599552,71756.0649338302,68985.2946961507,67294.4585771356,64497.6987225375,64410.8171280981,63430.4607609581,57769.604104354,65488.5117911123,64315.6263643699,65111.033321485,62395.3113297112
ROU,Romania,Europe & Central Asia,High income,Developed,1,19051804,8.700953793057444,9.026177532415526,9.022558950116128,9.279322454204783,8.700953793057444,8.130593483952017,-0.07237164598794732,5.135270081773095,2.5158201967034746,3.6465893647477317,6008.64048461485,6328.09022324183,6876.77841417966,7483.97375820611,8318.00342795388,7924.87058070212,7660.70667630517,8044.57194920892,8234.28553425194,8287.95844089676,8661.47397274241,8977.01748158196,9286.87678236598,10106.2269557253,10714.1701157127,11197.3162915853,10854.049431887,11546.3224998072,12076.3033811896,12340.8170509969,12459.9112061891
RUS,Russian Federation,Europe & Central Asia,High income,Developed,1,143669648,8.832978379342993,9.11533716653478,9.169678480198696,9.17727851345692,8.832978379342993,7.058969679794713,1.0868262732782736,0.15200066516449742,2.279300515692896,2.405290825277505,6856.67822265625,7323.38525390625,7949.89697265625,8640.40625,9093.7001953125,8381.8681640625,8755.1201171875,9120.8203125,9464.0107421875,9601.537109375,9493.8125,9277.7138671875,9269.3173828125,9418.99609375,9674.787109375,9882.0244140625,9632.3251953125,10231.318359375,10119.115234375,10560.4658203125,11092.6337890625
RWA,Rwanda,Sub-Saharan Africa ,Low income,Emerging,0,14256567,6.030550200661309,6.281665255049434,6.495105376118715,6.695433971304703,6.030550200661309,6.277876359703148,4.268802421385623,4.006571903719733,4.2429251083733615,4.597296385728977,415.943819000396,443.00802474736,471.150850642442,493.803359157317,534.678298622161,553.621518556047,579.419162804581,610.376236415572,647.436613845487,661.893969452494,682.709499066795,725.691418696952,748.798132068173,765.845359390541,808.704812752127,863.872077583172,821.257133282758,871.041835304187,935.89483254264,993.911004643524,1043.15961499906
SAU,Saudi Arabia,"Middle East, North Africa, Afghanistan & Pakistan",High income,Developed,1,35300280,9.977940589619092,9.981829148298356,10.045739845623242,10.102072754303496,9.977940589619092,0.09721396698159512,1.2782139464977238,1.1266581736050896,0.491112862500741,0.7679946821722455,21545.894988606,21838.1915349374,21616.3355772516,21196.7926036633,21629.8405734551,20577.5453445336,21830.1424272816,23314.5576023168,23643.0358324647,23057.3494468535,23404.7306039825,23256.1549553531,22783.0328538685,23035.1199977707,24393.5188306638,24905.6697428558,22827.671935548,24922.6716948944,26706.917926066,25634.8237547841,25123.0122060281
SEN,Senegal,Sub-Saharan Africa ,Lower middle income,Emerging,0,18501984,7.001428342588426,7.037615174290761,7.045241522368861,7.211627659680629,7.001428342588426,0.9046707925583869,0.15252696156199635,3.32772274623537,1.8878312593683868,1.6173459632715346,1098.20064546027,1119.0505307548,1118.7830430051,1123.99862153285,1138.66883930214,1142.65317233964,1153.53431121583,1139.74447892639,1154.05677992367,1147.3859217191,1180.7987108505,1218.00613555438,1257.40906916238,1312.10932775878,1355.09610863533,1379.60875249843,1361.7914374888,1414.53951093499,1433.19918752288,1458.9664233275,1517.61838829684
SRB,Serbia,Europe & Central Asia,Upper middle income,Emerging,0,6586476,8.417910829984564,8.654508269085472,8.664463595523246,8.783255271689672,8.417910829984564,5.914935977522698,0.19910652875551507,2.3758335233285086,4.566072444948298,3.1965439420100346,4527.43498659451,4809.1384076488,5016.41289322251,5431.27887426624,5735.94772695749,5578.0119741931,5690.70327182682,5737.00120175811,5739.3075023532,5793.33614525565,5716.54047153506,5820.3215576888,6024.95754653784,6200.26118592152,6524.08029755191,6870.75810896296,6850.96742168834,7465.67601077148,7862.95387364846,8208.4786891507,8580.26105823259
SLE,Sierra Leone,Sub-Saharan Africa ,Low income,Emerging,0,8642022,6.7211362238701025,6.782805788471993,7.044747942236414,6.923301635430662,6.7211362238701025,1.5417391150472548,5.238843075288424,-2.4289261361150376,1.8850322104896076,1.5763367209496797,829.759768928304,842.906030904902,859.824260714965,872.68836234614,882.54147817868,872.23959352481,902.769891411394,950.760763054593,1025.04366004502,1146.81973456475,1032.23789355905,964.575980888989,1002.77862282013,1010.54694071207,1015.6678297205,1046.96778078594,1010.25294614757,1045.7661615758,1077.08884538507,1113.86837500697,1137.29005648131
SGP,Singapore,East Asia & Pacific,High income,Developed,1,6036860,10.593044185344016,10.705524561826238,10.88367233897066,11.020292108152367,10.593044185344016,2.8120094120555534,3.5629555428884494,2.73239538363413,1.8146059023005776,2.68062138473193,39856.6356222613,41798.4880834671,44159.4101820552,46178.8139470199,44601.5799302699,43331.8746638962,48752.0515441859,50713.5326393594,51679.352717333,53298.9728558286,54681.9336458253,55645.6068614606,57076.5241936787,59493.3758595703,61101.5252578902,61106.3119775351,59083.8574841572,67846.8565377728,68271.0897525302,65976.7068036903,68129.6960402288
SVK,Slovak Republic,Europe & Central Asia,High income,Developed,1,5422069,9.279699460413369,9.581704697578502,9.632327073899523,9.790823481696595,9.279699460413369,7.550130929128293,1.01244752642042,3.1699281559414705,1.6901628072639872,3.0626689485953267,10718.2101858841,11412.1593630008,12430.2015488557,13770.9602691527,14497.1114407172,13680.7537106597,14596.1477776887,14950.8735178599,15159.6570420004,15249.8824513785,15647.6491763517,16442.0760860018,16740.7413996428,17195.2888721963,17869.0149173679,18250.9802475637,17763.8563847352,18808.4540496595,18964.8298400624,19383.3732009401,19776.1758069498
SVN,Slovenia,Europe & Central Asia,High income,Developed,1,2127400,9.821477834806354,10.006731492835778,9.88858803395893,10.055949664620233,9.821477834806354,4.631341450735595,-2.3628691775369335,3.3472326132260255,1.917779369686757,1.74769295997542,18425.2601213581,19102.2776603905,20166.5323431214,21485.780992381,22175.2369557321,20307.6188322273,20444.1201295876,20535.4155754108,19894.8697964548,19704.2186005128,20228.7081986391,20697.2748530619,21309.7122138949,22397.7634988337,23293.966665323,23943.1800949889,22811.8050540778,24665.4410464026,25275.715967757,25773.9015835069,26134.627203987
SOM,"Somalia, Fed. Rep.",Sub-Saharan Africa ,Low income,Emerging,0,19009151,5.584463028787946,5.719463708283491,5.984210289351987,6.212568149167664,5.584463028787946,3.3750169873886176,5.294931621369923,4.567157196313555,-1.0943515383620217,2.8122201403899862,266.257271856551,275.457040797983,284.47078986532,294.210404466601,304.741448811237,317.038184814662,329.970504936872,349.577449077711,369.617204753489,397.108796344814,417.516796906402,445.583080073396,458.92147682461,506.501098879426,498.981065013918,494.444039712384,462.867053737278,461.627830726021,460.046226685238,464.72106952561,467.269910194458
ZAF,South Africa,Sub-Saharan Africa ,Upper middle income,Emerging,0,64007187,8.553979565939386,8.701133376089404,8.727596198966356,8.718871220537295,8.553979565939386,3.678845253750419,0.5292564575390809,-0.17449956858123825,-1.132307968199833,0.484765882529594,5187.35683424034,5406.07581377638,5650.9883176549,5891.42069421698,6009.71963138635,5847.05811084505,5953.94506512821,6067.12482726885,6121.55783860713,6170.87670863373,6155.00589462516,6112.27382485974,6095.295060428,6125.6920507497,6117.2701406047,6032.82972598668,5569.58483319272,5750.90937479584,5786.86505344736,5756.55049453121,5715.47531469148
ESP,Spain,Europe & Central Asia,High income,Developed,1,48848840,10.159110322815067,10.207751124941538,10.106369454011844,10.238412970115375,10.159110322815067,1.2160200531617893,-2.027633418593884,2.640870322070621,0.7509737429438036,0.6218053593846823,25825.3106463315,26294.447384391,26899.0921497113,27338.79541774,27112.526293889,25860.8142592652,25766.2515825743,25510.5579678829,24763.568274484,24498.5559507945,24947.8512505913,25982.4416197775,26719.2442268615,27426.281015093,27956.7225466484,28301.4393949563,25077.019882928,26705.3629138959,28203.1093419474,28558.6319817501,29245.2192451729
LKA,Sri Lanka,South Asia,Upper middle income,Emerging,0,21916000,7.672807351877305,7.904181983316694,8.223878179607409,8.410283865008985,7.672807351877305,5.78436578598474,6.3939239258142795,3.7281137080315423,-1.1290480369759297,3.3486681545656247,2149.10628192765,2268.6880085282,2426.34872826822,2573.54361719411,2708.58593724377,2787.27350463737,2993.01410960302,3232.37349786435,3484.79048392653,3728.93585962083,3929.92061307909,4057.71582716521,4214.74117217382,4436.00789131029,4493.03574617534,4455.78188788143,4227.23314530167,4357.97224978578,4033.14560306744,3977.13564995085,4198.74513727898
SDN,Sudan,Sub-Saharan Africa ,Low income,Emerging,0,50448963,7.135425483587366,7.231016063394568,7.157314233944265,7.0782947471016975,7.135425483587366,2.389764495180062,-1.474036589006062,-1.5803897368513524,-11.967463625301344,-3.875892770018745,1255.67114257813,1290.24438476563,1336.1240234375,1372.10961914063,1381.62561035156,1301.34729003906,1311.22314453125,1388.21813964844,1288.25854492188,1283.45922851563,1307.3896484375,1292.37963867188,1297.15454101563,1261.87353515625,1185.94445800781,1126.55297851563,1056.86474609375,1009.54888916016,973.225280761719,677.723205566406,578.38916015625
SWE,Sweden,Europe & Central Asia,High income,Developed,1,10569709,10.71696275248944,10.787847039539354,10.798115315800002,10.86289691501412,10.71696275248944,1.7721071762478355,0.20536552521296328,1.2956319842823656,0.6613671530601702,0.9280809585414508,45114.6701230708,46189.6828420555,48078.3520110084,49262.152916545,48428.6587081751,45974.3911151254,48205.5492512742,49356.5905257047,48789.7906883637,48928.4994141291,49557.6183647959,51188.1652120493,51626.3235312369,51894.3748177808,52203.0872589761,53024.4099494317,51624.5811789573,53997.1337068799,54304.1877501033,53937.7967122429,54316.2619329718
CHE,Switzerland,Europe & Central Asia,High income,Developed,1,9005582,11.238455004433444,11.337795177570449,11.337548035912526,11.391673600179173,11.238455004433444,2.4835043284251244,-0.0049428331584700875,1.0825112853329344,0.8146458865941826,1.0104867447068948,75997.4453154761,77741.3436104704,80448.9696781612,82909.1358291459,83934.7657221246,81288.642957612,83069.4276373455,83307.3180998465,83354.0207485188,83914.0245080812,85004.8134534,85265.06205193,85951.2234148345,86362.360972862,88581.0826935584,88932.4119306425,86293.9183441155,90924.9256769825,93360.440112464,92947.9424441568,93018.3768706697
TJK,Tajikistan,Europe & Central Asia,Lower middle income,Emerging,0,10590927,6.381743445205455,6.587805479901928,6.791089300172851,6.998327161512598,6.381743445205455,5.151550867411855,4.065676405418461,4.144757226794917,5.207483280830572,4.645163565784887,590.957111385699,618.333702588577,649.163328755334,686.48090192413,726.185491338269,739.212878526331,770.604105393791,809.368229154093,849.519080831738,889.882383099979,925.970961482804,956.916310930656,997.352614556708,1042.26391757642,1094.8002018221,1148.34676712493,1171.90127480359,1254.06999592306,1325.75545290849,1407.1075436221,1496.33813395037
TZA,Tanzania,Sub-Saharan Africa ,Lower middle income,Emerging,0,68560157,6.477766725034891,6.623454771002537,6.783111727579558,6.931486706649624,6.477766725034891,3.6422011491911537,3.1931391315404283,2.9674995814012997,1.5048040333227375,2.7200411180704838,650.516540527344,680.051208496094,704.502746582031,731.52001953125,752.540466308594,772.929565429688,801.29931640625,838.999267578125,851.910705566406,882.8115234375,913.811218261719,939.127319335938,970.156127929688,1001.55895996094,1024.01525878906,1051.7666015625,1041.25964355469,1054.31726074219,1070.58532714844,1092.86413574219,1120.77416992188
THA,Thailand,East Asia & Pacific,Upper middle income,Emerging,0,71668011,8.350612275591972,8.477571297301573,8.615519117762524,8.75055626255621,8.350612275591972,3.173975542740018,2.7589564092190217,2.700742895873695,0.7796408616012509,2.233612193301558,4232.77157261934,4372.25730206261,4551.5250018314,4760.66708464831,4805.76393990836,4737.45679763314,5059.35747831657,5070.23740191942,5403.87846036273,5516.61164164135,5541.46599361845,5688.85335397884,5857.78052935926,6076.74307700082,6314.19948412043,6434.53770518034,6032.42244606793,6119.11018526099,6279.82250415973,6423.99101164149,6616.58539335928
TLS,Timor-Leste,East Asia & Pacific,Lower middle income,Emerging,0,1400638,6.862203939853502,6.949730228846686,7.156120973626996,7.12060656401165,6.862203939853502,2.188157224829621,4.12781489560621,-0.7102881923069246,-1.2294799916784018,0.9231691232872252,955.470548287377,964.026614173558,897.573763670928,961.848462090269,1042.86835443002,1120.09698448398,1195.38067803197,1237.48383284275,1269.41629276068,1281.92864092574,1312.96494079465,1319.59297370991,1333.6585468432,1267.08660142883,1237.20064730412,1507.24748294374,1947.83997138866,2015.82039246197,1579.71084680858,1279.2112241611,1149.21889002201
TGO,Togo,Sub-Saharan Africa ,Lower middle income,Emerging,0,8406558,6.595248675782378,6.484477548449603,6.633110006881569,6.776008351441888,6.595248675782378,-2.7692781833193694,2.9726491686393284,2.857966891206365,3.0694216592527774,1.8246248760733832,731.610797958447,680.485159475257,678.890227390526,650.046681355874,654.896723036341,668.669623161752,686.014185396121,706.442158827353,733.683602929868,759.841612443554,786.587399651446,813.894676975085,832.959515987733,851.735728621337,876.562800915869,900.166602437871,899.748802355348,928.301087692897,970.535975822983,1011.2308927823,1053.81653764697
TTO,Trinidad and Tobago,Latin America & Caribbean ,High income,Developed,1,1368333,9.52202605138361,9.813851290504351,9.872626071334645,9.75299107088155,9.52202605138361,7.295630978018542,1.1754956166058699,-2.392700009061913,-0.8884171513455885,0.8882999520860212,13657.2534995604,15075.4179709902,17021.2241679562,17758.6995224652,18285.2735441992,17461.9640940055,17938.0949459463,17746.509252615,18835.6674122954,19392.1974593783,20032.5402001718,19887.2327716498,18331.034459758,17402.6155328454,17205.615135339,17225.361633712,15679.9611486825,15558.0940536829,15712.230497272,15922.7668349788,16312.4849555716
TUN,Tunisia,"Middle East, North Africa, Afghanistan & Pakistan",Lower middle income,Emerging,0,12277109,8.076740040489113,8.232205694609082,8.280859946094077,8.32554105349651,8.076740040489113,3.886641352999223,0.9730850296998812,0.8936221480486781,-0.4990190835518568,1.0942993399714274,3218.72320748457,3301.93817216029,3444.5513526091,3642.11977444786,3760.11828478704,3835.25011939301,3906.90625867605,3784.7412903401,3900.04620132702,3947.58763533174,4021.59954703591,4014.94773686432,4015.28893802703,4062.80606534519,4127.97005697994,4153.27978615515,3749.26841452928,3902.53322990199,3986.54558325666,3967.33387634534,4006.20588267443
TUR,Turkiye,Europe & Central Asia,Upper middle income,Emerging,0,85518661,8.86243007717421,9.041677875708675,9.23692864170461,9.413689966269365,8.86243007717421,4.481194963361633,3.905015319918679,3.5352264912951092,3.8018317613595562,3.896848973883641,7061.62219794984,7623.14640948457,8078.5153787571,8477.53328393352,8447.93976396947,7925.30110421185,8472.57809050119,9265.85910238578,9588.32066531438,10269.4489140773,10597.9801881716,11064.6494504662,11279.6169531569,12005.6459824832,12255.0082146169,12238.2950220128,12338.643833135,13670.938029516,14273.5747654873,14932.8851363122,15395.0278894893
TKM,Turkmenistan,Europe & Central Asia,Upper middle income,Emerging,0,7494498,7.768838498595856,8.162374961844185,8.543083305892582,8.77340474505794,7.768838498595856,9.838411581208213,7.614166880967939,4.60642878330718,4.034946131463799,6.233315071749562,2365.72190264503,2624.2315668841,2858.53224143565,3115.9792751828,3506.50453694834,3647.67813083756,3902.54200118683,4383.14380872567,4762.66047536389,5131.14087328544,5535.50161297771,5759.497903834,5979.47627661058,6221.41962759021,6460.13015920839,6719.32320157703,6964.38162887016,7244.61385880341,7549.25301930356,7879.96559789716,8229.67261114232
UGA,Uganda,Sub-Saharan Africa ,Low income,Emerging,0,50015092,6.372192002124185,6.582807612463694,6.7202064876474275,6.796907656488682,6.372192002124185,5.2653902584877,2.7479775036746723,1.5340233768251001,1.6140019875549128,2.607778868088956,585.339489080616,604.404813057618,650.270540867444,684.542241787248,722.565167003452,749.342865535423,768.624091660131,816.516366587228,823.580468285493,828.988669729986,845.978664791099,862.934610355811,874.648370639216,871.093880017151,895.07512785438,920.939101515671,917.0350317644,919.401675217265,933.094056370423,955.745797275462,986.090145363924
UKR,Ukraine,Europe & Central Asia,Upper middle income,Emerging,0,37860221,7.621902872289646,7.850763534582072,7.7966403878830555,7.744425577293742,7.621902872289646,5.721516557310632,-1.0824629339803225,-1.0442962117862686,-0.6072990452206666,0.43042381145427894,2042.44494628906,2122.6015625,2298.13232421875,2498.35205078125,2567.69409179688,2188.17016601563,2285.93383789063,2418.12084960938,2426.92944335938,2432.41625976563,2308.6435546875,2094.47387695313,2156.0830078125,2217.7529296875,2308.6669921875,2398.07836914063,2324.107421875,2426.6123046875,1874.66296386719,2164.26123046875,2226.05810546875
ARE,United Arab Emirates,"Middle East, North Africa, Afghanistan & Pakistan",High income,Developed,1,10986400,10.926144171931833,10.777344452891906,10.699025063159477,10.677703128452555,10.926144171931833,-3.7199929759981565,-1.5663877946485942,-0.4264386941384295,-0.6952924924741123,-1.4507929651386207,55611.4376344125,55363.5818196998,56629.9713117545,52038.6229393122,47922.6941430472,42672.1946222627,42328.84668186,43687.7919424546,43958.5779670713,44312.6320463505,44257.6652085451,44910.3458860776,45168.4955973912,43293.0202360765,43377.802601486,43468.4534705013,39878.4663896389,40935.8915482084,41828.5686923546,41926.5773498407,41605.4138706908
GBR,United Kingdom,Europe & Central Asia,High income,Developed,1,69281000,10.655724551877935,10.703430685941642,10.68248836713804,10.768826194480233,10.655724551877935,1.1926533515926983,-0.41884637607205144,1.7267565468438604,0.1344132963961945,0.6058322019303508,42434.8209023638,43320.5628684438,43944.9985799069,44882.141312304,44508.2874631479,42146.5095879962,42762.720840223,42791.0934313474,43136.7006795996,43585.8731772281,44628.5724578217,45256.040227057,45888.7099614563,47019.4510419999,47516.2099770322,47866.9140354078,42985.0392148248,46491.5068836685,48410.095170282,47911.1540134832,47900.9680144146
USA,United States,North America,High income,Developed,1,340003797,10.846388030585665,10.891242074755974,10.910146457679765,10.999056141844981,10.846388030585665,1.1213511042577344,0.3780876584758172,1.7781936833043368,1.8541310925877215,1.319579884072902,51348.3473386025,52649.5713060461,53596.315236412,54152.8292673551,53703.962897927,51863.6183416558,52812.6829869279,53215.5362314388,54000.8410778217,54728.860179812,55665.2411187802,56849.4697923159,57430.8499298804,58435.9707535619,59817.6556798612,61047.9648238812,59533.609024416,63096.7856149746,64322.2332819139,65667.281580468,66856.5131698371
URY,Uruguay,Latin America & Caribbean ,High income,Developed,1,3386588,9.246373967265198,9.485380593016586,9.719528985074962,9.776162241116287,9.246373967265198,5.975165643784721,4.682967841167516,1.1326651208264964,1.2883451340176573,3.035444909460744,10366.9067382871,11131.3984890038,11574.470540231,12310.482735502,13165.83628166,13691.71420689,14722.3780081191,15443.9961926395,15949.3176985435,16639.4054750651,17122.0364563225,17125.9016800298,17357.2349992841,17611.6036800874,17608.94412947,17758.4384273402,16443.363490131,17416.0052308469,18249.2912168828,18403.6753125157,19024.1204266155
UZB,Uzbekistan,Europe & Central Asia,Lower middle income,Emerging,0,36361859,7.386249472921222,7.647491224000673,7.945556155774755,8.177474914567739,7.386249472921222,6.531043776986276,5.961298635481644,4.63837517585967,3.8239369292594745,5.103308287010425,1613.64273882937,1704.33893207214,1807.87328626177,1951.57878907892,2095.38214534409,2228.0552685669,2359.64199067641,2512.68783806993,2657.09909084172,2823.00205379328,2990.56339751192,3172.89899391083,3327.90932206401,3425.78819696408,3559.85436594803,3733.50435754861,3723.82133264406,3951.99657327359,4109.08421031655,4281.20542121225,4477.90745486742
VEN,"Venezuela, RB",Latin America & Caribbean ,Lower middle income,Emerging,0,28405543,8.182230452677574,8.445837108418543,8.443019384850384,7.766155161841786,8.182230452677574,6.590166393524194,-0.05635447136314353,-13.537284460171984,-7.535339779886944,-4.340978388145025,3576.82370624267,3875.81409628464,4190.56607050126,4489.56571662594,4655.65136715099,4451.37446074164,4323.73301534677,4444.55159079494,4638.41209800487,4642.55149314778,4412.9795921313,4096.61989137473,3374.43091608185,2863.33227846365,2359.38238345005,1759.05547364548,1255.86457068119,1272.94397516527,1376.93801227125,1427.88655943805,1501.22207949327
VNM,Viet Nam,East Asia & Pacific,Upper middle income,Emerging,0,100987686,7.320490224666083,7.526181714441248,7.749358806435046,8.022333850815286,7.320490224666083,5.142287244379135,4.463541839875964,5.459500887604797,4.580631005827585,4.883407432494293,1510.94449049599,1609.96268313651,1699.67620343393,1788.9485028957,1856.00519883979,1927.13427057454,2027.58184375924,2132.90453762087,2224.11404253256,2320.08431444934,2439.28655744423,2577.56885340113,2715.57887431272,2868.13680013379,3048.28327602145,3241.07648966529,3303.16949807493,3358.21734764714,3617.66311280437,3772.36029116103,4012.50779921084
PSE,West Bank and Gaza,"Middle East, North Africa, Afghanistan & Pakistan",Lower middle income,Emerging,0,5289152,7.7941704088361705,7.895803171665555,8.104592042958386,8.136750712182334,7.7941704088361705,2.540819070734596,4.175777425856631,0.6431733844789747,-6.907071725437266,-0.35922000090035955,2426.41565630382,2632.24627423958,2540.26763083127,2569.98434108953,2685.98601828464,2840.01594969395,2927.08101953403,3128.10811061384,3237.91619995789,3309.63120243098,3227.84934482645,3272.15432360708,3483.09903532972,3462.97986107136,3417.79440837962,3378.4346209191,2922.46801084844,3051.48607007995,3099.9609010368,2997.22694077849,2258.20698667764
ZMB,Zambia,Sub-Saharan Africa ,Lower middle income,Emerging,0,21314956,6.797354592458928,6.95995497931982,7.155216833621354,7.186333883156558,6.797354592458928,4.065009671522302,3.905237086030695,0.6223409907040737,0.27695692648977527,2.0279835314350856,895.475258534826,929.079255855905,968.563565019492,1013.08567432637,1053.58612301068,1110.71918102486,1183.41712409199,1208.46424569634,1258.78938578996,1280.77012176778,1299.01241762504,1295.87788680068,1303.57513869133,1308.76829240086,1321.25045711573,1301.18132976178,1228.73500113195,1269.10821808895,1298.8480495593,1330.85998216751,1343.38966380353
ZWE,Zimbabwe,Sub-Saharan Africa ,Lower middle income,Emerging,0,16634373,7.060943613745685,6.6884106833082075,7.22097228007501,7.294476505270205,7.060943613745685,-9.313323260936947,10.651231935336058,1.4700845039038897,-0.6386659457873505,0.9760646738863926,1165.54447081543,1088.63148420699,1038.22375658033,987.200362596937,803.044944654991,896.915532877845,1056.20884563889,1184.93421020563,1360.15230034275,1367.81831689463,1381.25404125871,1387.12632595026,1378.34256192374,1422.91948946927,1472.14603844842,1357.53087818754,1230.81933361016,1312.20001358807,1369.19761495571,1418.47184628799,1416.80065463874
